{
    "distance_9_7_p": 1.1772763028012037,
    "distance_1_7_a": 1.0029719466629103,
    "distance_1_6_p": 2.207044180528328,
    "distance_1_2_a": 2.209485276581802,
    "distance_1_a_n": 1.015884757447921,
    "distance_3_3_p": 0.0,
    "distance_0_a_n": 1.7921526299420663,
    "distance_0_5_a": 1.1654969853754125,
    "distance_7_2_a": 2.4016872831175675,
    "distance_8_9_p": 2.5072035392838785,
    "distance_5_1_p": 1.9553960592944009,
    "distance_6_2_n": 1.2257290302741808,
    "distance_6_3_a": 0.9502524526411094,
    "distance_7_7_a": 0.0,
    "distance_7_5_a": 0.5218509232570945,
    "distance_4_9_a": 0.5730463367979475,
    "distance_4_7_a": 1.0901182707346067,
    "distance_2_7_n": 1.3327761323244545,
    "distance_8_1_a": 1.8852623039884406,
    "distance_2_0_a": 1.6493510875228736,
    "distance_9_8_n": 0.8505236839924954,
    "distance_2_2_n": 0.0,
    "distance_9_0_n": 2.6094469248594265,
    "distance_4_2_p": 1.7698302810845803,
    "distance_2_3_a": 2.2471263053471944,
    "distance_4_0_n": 0.9976831996031166,
    "distance_4_5_p": 1.7645379704028983,
    "distance_2_6_p": 2.3484752248123186,
    "distance_6_7_p": 2.0708640988314073,
    "distance_8_4_n": 2.0901568643072466,
    "distance_2_9_p": 2.404499157336218,
    "distance_9_5_n": 0.7911768878243244,
    "distance_4_7_n": 2.8138886987565,
    "distance_3_2_p": 1.9619246818629108,
    "distance_7_3_p": 1.7918605975719402,
    "distance_9_1_a": 0.9751561558246635,
    "distance_3_4_n": 2.5377893216228244,
    "distance_6_0_a": 1.45008622661868,
    "distance_0_9_n": 2.6094469248594265,
    "distance_0_2_a": 1.6493510875228736,
    "distance_9_7_a": 1.553926043362722,
    "distance_7_2_p": 1.4688194895007314,
    "distance_4_6_a": 2.381081452775163,
    "distance_5_2_a": 1.8910138210868013,
    "distance_9_2_p": 2.404499157336218,
    "distance_7_1_a": 1.0029719466629103,
    "distance_8_0_p": 1.019071049319109,
    "distance_3_5_n": 2.26075632355402,
    "distance_2_9_a": 2.4707223592997707,
    "distance_6_4_n": 1.0300158980147813,
    "distance_8_2_n": 1.6128975292215273,
    "distance_3_2_a": 2.2471263053471944,
    "distance_9_3_p": 1.1059858748340048,
    "distance_1_8_p": 2.466952224085844,
    "distance_5_6_p": 2.667150048523027,
    "distance_0_3_a": 2.028224585566832,
    "distance_7_2_n": 1.3327761323244545,
    "distance_7_5_p": 0.8091605359873597,
    "distance_7_6_p": 2.0708640988314073,
    "distance_2_8_n": 1.6128975292215273,
    "distance_9_a_n": 1.0298414448172934,
    "distance_4_6_p": 2.05248320413547,
    "distance_3_9_p": 1.1059858748340048,
    "distance_9_6_p": 2.411038459120064,
    "distance_1_7_p": 1.1407947762281765,
    "distance_3_9_a": 1.263884576875526,
    "distance_2_5_p": 1.553795573359821,
    "distance_8_8_n": 0.0,
    "distance_8_9_n": 0.8505236839924954,
    "distance_3_a_n": 1.4948244669771071,
    "distance_1_0_a": 2.512888745656028,
    "distance_0_2_n": 2.3620756678624844,
    "distance_4_1_p": 0.597908531875774,
    "distance_1_0_n": 2.2643561946165534,
    "distance_7_9_p": 1.1772763028012037,
    "distance_5_5_a": 0.0,
    "distance_5_3_n": 2.26075632355402,
    "distance_1_1_n": 0.0,
    "distance_7_0_a": 1.7869417574047617,
    "distance_7_4_a": 1.0901182707346067,
    "distance_7_1_n": 1.696126194926876,
    "distance_9_4_p": 0.9892069843808713,
    "distance_4_5_a": 0.7247905462820405,
    "distance_6_a_n": 1.8791492312108318,
    "distance_0_0_a": 0.0,
    "distance_6_7_a": 1.9865780186205626,
    "distance_3_5_a": 2.35390995832455,
    "distance_9_6_a": 1.8167441966763818,
    "distance_9_9_n": 0.0,
    "distance_5_1_a": 1.6159983905708941,
    "distance_0_1_n": 2.2643561946165534,
    "distance_5_9_a": 1.1881504892944719,
    "distance_1_9_n": 0.6011946651406994,
    "distance_8_5_a": 2.301541700420117,
    "distance_2_2_p": 0.0,
    "distance_4_0_a": 1.9150137082284715,
    "distance_5_2_n": 1.2911751785105139,
    "distance_0_a_p": 0.44803249216380436,
    "distance_3_8_n": 2.4602391267997206,
    "distance_2_5_a": 1.8910138210868013,
    "distance_4_6_n": 1.0300158980147813,
    "distance_4_9_p": 0.9892069843808713,
    "distance_3_7_p": 1.7918605975719402,
    "distance_2_6_n": 1.2257290302741808,
    "distance_1_4_a": 0.8153584020033691,
    "distance_0_5_p": 1.240812661080227,
    "distance_4_8_n": 2.0901568643072466,
    "distance_6_5_a": 2.301541700420117,
    "distance_1_3_n": 1.4288913837437036,
    "distance_8_7_a": 1.9865780186205626,
    "distance_2_0_n": 2.3620756678624844,
    "distance_4_4_p": 0.0,
    "distance_6_6_n": 0.0,
    "distance_0_7_n": 1.7867789004540668,
    "distance_3_8_p": 1.3110708189199158,
    "distance_8_4_p": 1.8305952503615117,
    "distance_5_0_a": 1.1654969853754125,
    "distance_9_9_a": 0.0,
    "distance_1_2_n": 0.5814084133525945,
    "distance_4_5_n": 1.1630193575820726,
    "distance_8_3_a": 0.9502524526411094,
    "distance_8_9_a": 1.8167441966763818,
    "distance_1_3_a": 1.5128003419122251,
    "distance_5_8_n": 0.9810639842275037,
    "distance_2_a_n": 1.6874589798891435,
    "distance_4_4_a": 0.0,
    "distance_9_a_p": 0.1785422251705313,
    "distance_4_7_p": 1.2240030790548104,
    "distance_5_7_p": 0.8091605359873597,
    "distance_3_4_a": 1.895561336758874,
    "distance_7_3_a": 2.286906390851584,
    "distance_1_6_n": 1.21392402223195,
    "distance_0_9_p": 1.6281112597454381,
    "distance_4_8_p": 1.8305952503615117,
    "distance_2_5_n": 1.2911751785105139,
    "distance_6_8_a": 0.0,
    "distance_8_7_p": 2.254185833426746,
    "distance_6_7_n": 2.170489189055843,
    "distance_9_7_n": 1.9876783708026693,
    "distance_2_6_a": 2.209868746900611,
    "distance_6_4_a": 2.381081452775163,
    "distance_6_5_p": 2.667150048523027,
    "distance_3_2_n": 1.2656856186495702,
    "distance_1_9_a": 0.9751561558246635,
    "distance_0_8_p": 1.019071049319109,
    "distance_3_1_p": 2.059916339859015,
    "distance_9_0_p": 1.6281112597454381,
    "distance_0_7_p": 1.0672278942822686,
    "distance_5_0_p": 1.240812661080227,
    "distance_1_8_a": 1.8852623039884406,
    "distance_0_3_p": 1.1947622182260744,
    "distance_1_7_n": 1.696126194926876,
    "distance_4_a_p": 0.7870792051426747,
    "distance_8_0_n": 2.8636963899336934,
    "distance_8_1_n": 1.4526388290971823,
    "distance_1_5_a": 1.6159983905708941,
    "distance_4_1_n": 2.144004231303157,
    "distance_6_6_p": 0.0,
    "distance_2_2_a": 0.0,
    "distance_8_3_n": 2.4602391267997206,
    "distance_1_1_p": 0.0,
    "distance_1_2_p": 2.2249898052719033,
    "distance_3_6_p": 1.5362867799206157,
    "distance_5_4_p": 1.7645379704028983,
    "distance_8_6_n": 0.7372284884433533,
    "distance_6_5_n": 0.7265475619303494,
    "distance_6_6_a": 0.0,
    "distance_9_3_n": 1.647839448154187,
    "distance_4_3_n": 2.5377893216228244,
    "distance_7_8_n": 2.6824606179348507,
    "distance_5_a_n": 0.9647298888220099,
    "distance_6_0_n": 1.8998993846034864,
    "distance_0_4_n": 0.9976831996031166,
    "distance_3_7_n": 0.44428935344555853,
    "distance_3_0_a": 2.028224585566832,
    "distance_5_6_n": 0.7265475619303494,
    "distance_4_2_a": 1.7686867144984717,
    "distance_9_2_n": 0.9220763234321829,
    "distance_6_9_n": 1.0944407324273584,
    "distance_8_1_p": 2.466952224085844,
    "distance_8_5_p": 2.5666335489063528,
    "distance_2_1_p": 2.2249898052719033,
    "distance_1_a_p": 0.11761612411462252,
    "distance_0_6_a": 1.45008622661868,
    "distance_0_0_p": 0.0,
    "distance_6_2_p": 2.3484752248123186,
    "distance_2_7_p": 1.4688194895007314,
    "distance_0_9_a": 2.144407114471747,
    "distance_7_0_p": 1.0672278942822686,
    "distance_0_1_p": 2.2237715676489103,
    "distance_7_9_a": 1.553926043362722,
    "distance_2_7_a": 2.4016872831175675,
    "distance_0_4_a": 1.9150137082284715,
    "distance_9_0_a": 2.144407114471747,
    "distance_2_4_p": 1.7698302810845803,
    "distance_9_8_p": 2.5072035392838785,
    "distance_5_7_n": 2.4890414314925238,
    "distance_5_6_a": 2.301541700420117,