{
    "distance_2_a_n": 1.997336416377992e-08,
    "distance_6_4_p": 2.2204503860611206e-08,
    "distance_0_8_a": 4.0,
    "distance_2_1_p": 4.670967144084978e-09,
    "distance_9_4_a": 7.4331386701270544e-09,
    "distance_2_2_p": 0.0,
    "distance_3_9_n": 2.2115663317038006e-07,
    "distance_8_3_a": 4.0,
    "distance_6_1_a": 8.116473546494892e-08,
    "distance_5_5_p": 0.0,
    "distance_5_7_n": 3.6670826549501033e-09,
    "distance_0_6_n": 1.3424461597910664e-08,
    "distance_4_6_p": 2.2204503860611206e-08,
    "distance_1_8_n": 2.4024617036374922e-08,
    "distance_1_a_n": 4.0,
    "distance_4_9_a": 7.4331386701270544e-09,
    "distance_6_a_n": 1.026125958426734e-08,
    "distance_0_a_p": 9.243516597084474e-09,
    "distance_5_8_n": 4.0,
    "distance_8_5_p": 3.999999523162856,
    "distance_9_5_p": 2.4299595016894535e-08,
    "distance_9_2_a": 1.3421295396246893e-08,
    "distance_4_8_a": 4.0,
    "distance_6_6_p": 0.0,
    "distance_0_8_n": 4.0,
    "distance_5_a_p": 9.59615036400107e-09,
    "distance_5_4_p": 3.4446436956762184e-08,
    "distance_1_8_a": 4.0,
    "distance_0_1_p": 7.329615515042122e-09,
    "distance_0_9_a": 9.211505705945814e-09,
    "distance_5_0_n": 5.38653660123659e-09,
    "distance_9_7_a": 3.610271910392978e-09,
    "distance_9_5_n": 2.266801768823347e-07,
    "distance_9_3_p": 4.214760522018006e-09,
    "distance_6_9_n": 2.3224071191866743e-07,
    "distance_2_5_n": 1.1778188213675663e-08,
    "distance_8_7_p": 3.999999523162856,
    "distance_7_0_a": 9.922656312893043e-09,
    "distance_6_3_p": 1.0262155843320371e-08,
    "distance_4_8_n": 4.0,
    "distance_0_3_a": 2.448339587008447e-08,
    "distance_6_8_n": 4.0,
    "distance_2_5_a": 1.8063955839078134e-08,
    "distance_7_4_a": 7.181358495931112e-09,
    "distance_6_4_a": 8.598306192279292e-09,
    "distance_9_a_n": 1.9739693606826907e-07,
    "distance_7_0_p": 8.749452956835833e-09,
    "distance_1_4_p": 1.880245849195076e-08,
    "distance_8_0_a": 4.0,
    "distance_7_5_a": 6.6893017869983435e-09,
    "distance_1_0_p": 7.329615515042122e-09,
    "distance_5_6_n": 1.8232220836610926e-08,
    "distance_5_4_a": 1.950548822696098e-08,
    "distance_9_a_p": 1.4188731729885643e-08,
    "distance_5_3_a": 2.6822611437114178e-08,
    "distance_6_0_a": 2.2070957954445793e-08,
    "distance_7_3_p": 1.589359561602513e-08,
    "distance_0_0_a": 0.0,
    "distance_1_7_n": 4.0,
    "distance_2_2_n": 0.0,
    "distance_8_6_p": 3.999999523162856,
    "distance_7_0_n": 6.087201974612978e-09,
    "distance_8_8_n": 0.0,
    "distance_3_6_a": 7.3795248937021046e-09,
    "distance_7_4_n": 4.0339279243706766e-08,
    "distance_7_6_p": 6.8481593003744306e-09,
    "distance_0_2_a": 9.523273475344894e-09,
    "distance_1_5_p": 5.89014292684065e-09,
    "distance_8_2_a": 4.0,
    "distance_3_2_a": 3.726233037019489e-08,
    "distance_6_8_p": 3.999999523162856,
    "distance_9_9_n": 0.0,
    "distance_4_4_a": 0.0,
    "distance_2_3_p": 6.548811688632906e-09,
    "distance_9_8_n": 3.999999523162856,
    "distance_6_6_n": 0.0,
    "distance_1_7_a": 4.1603311701701994e-08,
    "distance_9_8_p": 4.0,
    "distance_3_1_a": 8.388388436044443e-08,
    "distance_9_9_a": 0.0,
    "distance_9_9_p": 0.0,
    "distance_4_2_n": 2.848183892717772e-08,
    "distance_1_6_p": 8.885635153787054e-09,
    "distance_9_7_n": 2.2115663317038006e-07,
    "distance_1_9_a": 4.6085226492341346e-08,
    "distance_8_1_p": 4.0,
    "distance_8_2_n": 4.0,
    "distance_2_5_p": 7.465369151469856e-09,
    "distance_9_7_p": 2.0257476288971166e-08,
    "distance_1_2_n": 4.0,
    "distance_2_7_a": 1.2758209083287722e-08,
    "distance_1_9_p": 1.3526180308137513e-08,
    "distance_3_0_p": 1.5442130994053338e-08,
    "distance_9_4_p": 7.81620603860726e-09,
    "distance_3_9_a": 1.3156869544790328e-08,
    "distance_3_a_p": 5.908219099312207e-09,
    "distance_1_1_p": 0.0,
    "distance_4_6_a": 8.598306192279292e-09,
    "distance_2_3_n": 7.437057311188242e-09,
    "distance_7_9_n": 2.2115663317038006e-07,
    "distance_7_5_n": 3.6670826549501033e-09,
    "distance_8_9_n": 3.999999523162856,
    "distance_8_8_a": 0.0,
    "distance_8_9_p": 4.0,
    "distance_6_5_p": 1.1304359312085992e-08,
    "distance_6_4_n": 6.596877094589004e-08,
    "distance_1_7_p": 1.3409090975882269e-08,
    "distance_4_6_n": 6.596877094589004e-08,
    "distance_3_7_p": 1.589359561602513e-08,
    "distance_0_2_n": 1.0906666024680911e-08,
    "distance_4_7_p": 3.212011290686522e-08,
    "distance_1_3_p": 9.701337087811237e-09,
    "distance_2_6_a": 3.045746871672227e-08,
    "distance_4_3_n": 4.0339279243706766e-08,
    "distance_3_3_a": 0.0,
    "distance_7_3_n": 0.0,
    "distance_8_9_a": 4.0,
    "distance_4_3_a": 8.118256876934397e-09,
    "distance_5_2_p": 7.465369151469856e-09,
    "distance_0_5_a": 1.1175261307945167e-08,
    "distance_4_7_a": 7.181358495931112e-09,
    "distance_2_1_a": 2.1576941695844587e-08,
    "distance_5_0_a": 1.1175261307945167e-08,
    "distance_4_4_p": 0.0,
    "distance_1_8_p": 4.0,
    "distance_3_2_n": 7.437057311188242e-09,
    "distance_1_2_a": 2.1576941695844587e-08,
    "distance_8_8_p": 0.0,
    "distance_0_7_p": 8.749452956835833e-09,
    "distance_7_2_n": 7.437057311188242e-09,
    "distance_1_2_p": 4.670967144084978e-09,
    "distance_7_2_p": 9.778431854111494e-09,
    "distance_6_0_n": 1.3424461597910664e-08,
    "distance_7_1_p": 1.3409090975882269e-08,
    "distance_5_a_n": 4.138098728652827e-08,
    "distance_2_8_a": 4.0,
    "distance_4_0_p": 2.7658274693775898e-08,
    "distance_5_7_p": 1.0744056262117414e-08,
    "distance_3_4_a": 8.118256876934397e-09,
    "distance_2_1_n": 4.0,
    "distance_0_9_n": 2.3689650406376489e-07,
    "distance_6_1_p": 8.885635153787054e-09,
    "distance_7_7_n": 0.0,
    "distance_9_6_p": 1.2976891817562182e-08,
    "distance_5_9_n": 2.266801768823347e-07,
    "distance_7_9_p": 2.0257476288971166e-08,
    "distance_5_1_a": 3.278251040626348e-08,
    "distance_4_3_p": 8.614557413888286e-09,
    "distance_6_2_n": 1.752544559621497e-08,
    "distance_0_0_n": 0.0,
    "distance_9_4_n": 1.7085666209752912e-07,
    "distance_3_5_n": 3.6670826549501033e-09,
    "distance_3_9_p": 4.214760522018006e-09,
    "distance_5_9_p": 2.4299595016894535e-08,
    "distance_1_3_n": 4.0,
    "distance_5_3_p": 1.940727892152686e-08,
    "distance_3_7_n": 0.0,
    "distance_0_8_p": 4.0,
    "distance_2_4_p": 2.037281699206586e-08,
    "distance_5_4_n": 5.073583094279675e-08,
    "distance_2_9_n": 2.06743963752712e-07,
    "distance_9_3_a": 1.3156869544790328e-08,
    "distance_7_a_p": 8.94852539562853e-09,
    "distance_1_3_a": 8.388388436044443e-08,
    "distance_9_1_p": 1.3526180308137513e-08,
    "distance_8_5_a": 4.0,
    "distance_0_1_n": 4.0,
    "distance_0_9_p": 1.5614500403936444e-08,
    "distance_7_7_a": 0.0,
    "distance_1_a_p": 5.5389842715674156e-08,
    "distance_8_1_a": 4.0,
    "distance_7_6_a": 1.3665484694378253e-08,
    "distance_2_2_a": 0.0,
    "distance_7_8_n": 4.0,
    "distance_4_5_p": 3.4446436956762184e-08,
    "distance_3_3_p": 0.0,
    "distance_4_a_n": 3.414583230120136e-08,
    "distance_3_5_p": 1.940727892152686e-08,
    "distance_8_7_n": 4.0,
    "distance_1_4_n": 4.0,
    "distance_5_2_a": 1.8063955839078134e-08,
    "distance_9_5_a": 1.0759854568641406e-08,
    "distance_7_8_p": 3.999999523162856,
    "distance_4_4_n": 0.0,
    "distance_8_7_a": 4.0,
    "distance_3_8_p": 3.999999523162856,
    "distance_7_2_a": 1.2758209083287722e-08,
    "distance_7_7_p": 0.0,
    "distance_2_7_n": 7.437057311188242e-09,
    "distance_9_0_a": 9.211505705945814e-09,
    "distance_2_4_a": 2.502938460399701e-08,
    "distance_9_0_p": 1.5614500403936444e-08,
    "distance_0_4_p": 2.7658274693775898e-08,
    "distance_3_7_a": 1.4741020000042172e-08,
    "distance_8_2_p": 3.999999523162856,
    "distance_7_4_p": 3.212011290686522e-08,
    "distance_3_8_a": 4.0,
    "distance_0_1_a": 3.3191624126507186e-08,
    "distance_3_6_p": 1.0262155843320371e-08,