{
    "distance_4_1_n": 1.5495148011496553,
    "distance_5_6_a": 1.4691957278855625,
    "distance_8_6_a": 1.659197935528539,
    "distance_9_a_n": 1.3734801737531512,
    "distance_3_7_n": 1.6934497634114365,
    "distance_2_0_a": 0.6959292604815346,
    "distance_5_7_p": 1.3722286752284987,
    "distance_8_8_n": 0.0,
    "distance_6_1_p": 0.5543999542972102,
    "distance_6_1_n": 0.7983448600089424,
    "distance_1_3_n": 1.1840237777598759,
    "distance_3_3_a": 0.0,
    "distance_2_3_n": 0.780414135187474,
    "distance_8_5_p": 0.5129066589011053,
    "distance_0_2_p": 0.9282822166260871,
    "distance_0_a_p": 0.3579326973061292,
    "distance_1_5_p": 1.6449500392866412,
    "distance_3_6_a": 1.7869819150537438,
    "distance_8_6_p": 1.2722428597644608,
    "distance_9_a_p": 0.36809841858263326,
    "distance_7_1_n": 1.3487515708202977,
    "distance_5_3_p": 1.1178227315330247,
    "distance_5_3_n": 1.2619396493442423,
    "distance_3_5_n": 1.2619396493442423,
    "distance_9_7_p": 0.7440706856510246,
    "distance_0_5_n": 1.1851123369729208,
    "distance_4_1_p": 1.5999300130903436,
    "distance_3_1_a": 1.4562148626810654,
    "distance_1_2_n": 0.7605751403902197,
    "distance_3_1_p": 1.424317149776698,
    "distance_3_0_p": 1.1691102242630222,
    "distance_7_a_n": 0.8985379085955039,
    "distance_8_7_p": 1.1973707214134635,
    "distance_0_8_a": 0.9283023163695567,
    "distance_5_8_p": 0.5129066589011053,
    "distance_9_7_a": 0.6436371452183529,
    "distance_1_4_a": 1.011479711002039,
    "distance_6_5_n": 0.8207463922772149,
    "distance_2_9_n": 1.8211301422254564,
    "distance_2_1_p": 1.7358879086799703,
    "distance_4_5_a": 1.5383125962764552,
    "distance_3_6_p": 1.4366063680955818,
    "distance_7_a_p": 0.6768746569544568,
    "distance_5_8_a": 0.39751080687074136,
    "distance_5_5_n": 0.0,
    "distance_9_0_n": 1.399959423094984,
    "distance_3_0_n": 0.8089407237787469,
    "distance_5_2_n": 1.5796707344225638,
    "distance_8_a_n": 1.4622647398412028,
    "distance_7_7_n": 0.0,
    "distance_4_5_n": 0.6460573368703173,
    "distance_7_3_p": 0.47440410761882745,
    "distance_9_6_a": 1.313128089459056,
    "distance_2_4_a": 1.6527169562564836,
    "distance_1_0_n": 1.0740188761612899,
    "distance_6_a_n": 0.9058259830532087,
    "distance_1_a_p": 0.7775157310577221,
    "distance_0_6_p": 1.0602539417906343,
    "distance_4_6_p": 1.4453216610031774,
    "distance_2_2_p": 0.0,
    "distance_9_6_p": 1.374489609797834,
    "distance_1_7_a": 1.3724529532055385,
    "distance_0_1_p": 1.275656143080269,
    "distance_2_5_a": 0.2663987604183262,
    "distance_1_1_n": 0.0,
    "distance_1_5_a": 1.4104529775295305,
    "distance_6_2_n": 1.0673461227181633,
    "distance_7_2_a": 1.144067846500775,
    "distance_6_1_a": 0.8964644268546387,
    "distance_5_4_p": 1.324190264651918,
    "distance_6_5_a": 1.4691957278855625,
    "distance_2_6_a": 1.633319033253656,
    "distance_9_8_n": 0.5991564434103545,
    "distance_8_6_n": 1.4422912740347016,
    "distance_6_0_n": 0.7472211063863519,
    "distance_2_5_p": 0.40576546198280994,
    "distance_6_4_p": 1.4453216610031774,
    "distance_3_5_a": 0.6913017437887135,
    "distance_6_6_p": 0.0,
    "distance_8_9_n": 0.5991564434103545,
    "distance_9_1_a": 0.8411566163389672,
    "distance_7_8_a": 0.7921311671461808,
    "distance_5_0_a": 0.6305073220530097,
    "distance_3_9_n": 0.9976048523460577,
    "distance_7_0_p": 1.0263252912956347,
    "distance_1_1_p": 0.0,
    "distance_3_8_a": 0.4344909863510935,
    "distance_1_1_a": 0.0,
    "distance_9_4_a": 1.538886618144275,
    "distance_5_8_n": 1.4502754333528998,
    "distance_8_5_n": 1.4502754333528998,
    "distance_4_2_p": 1.3754328675754692,
    "distance_2_0_p": 0.9282822166260871,
    "distance_2_2_a": 0.0,
    "distance_8_7_a": 0.7921311671461808,
    "distance_8_3_a": 0.4344909863510935,
    "distance_4_8_p": 1.5682804303060607,
    "distance_3_2_a": 0.9498277661479371,
    "distance_6_8_a": 1.659197935528539,
    "distance_8_8_a": 0.0,
    "distance_5_9_p": 1.1851125965222309,
    "distance_7_6_p": 1.1681004171010159,
    "distance_3_8_p": 0.6870788322368107,
    "distance_2_1_a": 1.3784067762152432,
    "distance_3_9_p": 0.5675198173750893,
    "distance_8_1_a": 1.373470673625107,
    "distance_6_0_a": 0.8209110970640019,
    "distance_1_9_p": 1.3879128450472678,
    "distance_7_9_p": 0.7440706856510246,
    "distance_3_9_a": 0.6438599054753382,
    "distance_2_a_n": 1.3153750940501254,
    "distance_5_a_n": 1.075593135787031,
    "distance_3_8_n": 0.8081009945565256,
    "distance_0_9_n": 1.399959423094984,
    "distance_6_9_a": 1.313128089459056,
    "distance_0_0_a": 0.0,
    "distance_6_3_a": 1.7869819150537438,
    "distance_4_6_a": 1.4711973626183408,
    "distance_3_4_a": 1.9031259146918842,
    "distance_0_9_a": 0.7759033679344753,
    "distance_3_3_p": 0.0,
    "distance_1_4_n": 1.5495148011496553,
    "distance_3_0_a": 1.058049304312192,
    "distance_8_2_n": 1.4910860167876763,
    "distance_5_1_n": 1.2616528196043788,
    "distance_2_7_a": 1.144067846500775,
    "distance_0_9_p": 1.2264220219382338,
    "distance_7_4_p": 2.358302981464533,
    "distance_3_a_p": 0.5835531084776449,
    "distance_9_8_p": 0.8634484069707469,
    "distance_6_7_n": 0.5886847293805317,
    "distance_3_4_p": 2.0297565649812555,
    "distance_9_1_n": 2.3054504510804605,
    "distance_7_8_p": 1.1973707214134635,
    "distance_6_9_n": 1.6628788050765166,
    "distance_9_2_n": 1.8211301422254564,
    "distance_3_2_p": 1.1428140256967367,
    "distance_3_7_p": 0.47440410761882745,
    "distance_4_4_n": 0.0,
    "distance_8_9_a": 0.8967536218523584,
    "distance_0_7_p": 1.0263252912956347,
    "distance_3_6_n": 1.3026047892572592,
    "distance_5_4_n": 0.6460573368703173,
    "distance_9_4_n": 1.708297095948197,
    "distance_2_4_n": 1.900706253539525,
    "distance_9_9_a": 0.0,
    "distance_5_6_p": 1.201451091426918,
    "distance_2_6_p": 1.4559697452801288,
    "distance_2_9_a": 0.7679532558577193,
    "distance_3_7_a": 0.375132461865352,
    "distance_2_3_p": 1.1428140256967367,
    "distance_7_3_n": 1.6934497634114365,
    "distance_3_a_n": 1.8519840387575783,
    "distance_6_4_a": 1.4711973626183408,
    "distance_1_0_p": 1.275656143080269,
    "distance_2_6_n": 1.0673461227181633,
    "distance_5_0_p": 0.5503590487383612,
    "distance_2_3_a": 0.9498277661479371,
    "distance_1_2_a": 1.3784067762152432,
    "distance_9_4_p": 1.6786057629752236,
    "distance_7_9_n": 1.382331758989963,
    "distance_5_9_a": 0.766701733875724,
    "distance_4_3_n": 1.9188676155326903,
    "distance_0_3_a": 1.058049304312192,
    "distance_4_3_p": 2.0297565649812555,
    "distance_4_3_a": 1.9031259146918842,
    "distance_0_0_n": 0.0,
    "distance_4_2_n": 1.900706253539525,
    "distance_7_3_a": 0.375132461865352,
    "distance_9_5_p": 1.1851125965222309,
    "distance_0_1_a": 1.005228421591383,
    "distance_7_1_p": 1.3969383898167962,
    "distance_2_7_p": 1.1663918529652761,
    "distance_6_6_n": 0.0,
    "distance_9_9_p": 0.0,
    "distance_5_3_a": 0.6913017437887135,
    "distance_2_0_n": 0.5349401372801346,
    "distance_6_6_a": 0.0,
    "distance_9_7_n": 1.382331758989963,
    "distance_0_8_n": 0.9190270653279278,
    "distance_8_0_a": 0.9283023163695567,
    "distance_2_1_n": 0.7605751403902197,
    "distance_0_0_p": 0.0,
    "distance_7_0_a": 0.7958172705412068,
    "distance_4_a_p": 0.3343357604331345,
    "distance_4_a_n": 1.7794176278730447,
    "distance_4_7_a": 1.805534633333309,
    "distance_1_6_a": 0.8964644268546387,
    "distance_5_2_a": 0.2663987604183262,
    "distance_9_2_p": 0.8821370285989047,
    "distance_0_4_p": 1.7380984733932223,
    "distance_4_2_a": 1.6527169562564836,
    "distance_0_2_a": 0.6959292604815346,
    "distance_7_6_a": 1.1820594104318758,
    "distance_4_0_p": 1.7380984733932223,
    "distance_0_3_n": 0.8089407237787469,
    "distance_4_6_n": 1.1705659075477257,
    "distance_1_4_p": 1.5999300130903436,