{
    "distance_8_9_n": 0.7146983979984647,
    "distance_5_6_p": 0.874746941269823,
    "distance_4_4_a": 0.0,
    "distance_6_3_n": 1.3384436494678909,
    "distance_9_5_p": 2.516296303616187,
    "distance_5_7_n": 1.806547444297749,
    "distance_4_4_n": 0.0,
    "distance_5_3_n": 1.2927678354323149,
    "distance_7_3_n": 2.0601377415005118,
    "distance_9_8_a": 2.2039350671821154,
    "distance_8_6_a": 1.3002529061939327,
    "distance_7_0_a": 1.7490686564290172,
    "distance_6_2_n": 2.4676439241240047,
    "distance_4_8_p": 1.1993809252192165,
    "distance_0_0_p": 0.0,
    "distance_0_2_n": 1.991060313281423,
    "distance_6_8_p": 0.7092347479683134,
    "distance_3_1_n": 1.770006003211165,
    "distance_4_8_n": 1.1491334520329133,
    "distance_3_2_p": 1.1272944455805742,
    "distance_2_7_p": 1.4466235429909489,
    "distance_3_0_n": 1.4373520256313554,
    "distance_2_0_n": 1.991060313281423,
    "distance_3_9_n": 1.182126288789064,
    "distance_6_0_a": 1.650554955663722,
    "distance_6_0_n": 1.0963379157448259,
    "distance_9_6_n": 1.173250914770506,
    "distance_3_4_p": 1.0961324725308828,
    "distance_4_3_p": 1.0961324725308828,
    "distance_8_7_n": 2.9825911678177732,
    "distance_5_0_n": 1.664956873925405,
    "distance_1_9_n": 1.0064194376028013,
    "distance_2_a_p": 0.7591923263337321,
    "distance_7_8_n": 2.9825911678177732,
    "distance_0_6_a": 1.650554955663722,
    "distance_4_0_n": 0.7681211428711698,
    "distance_3_4_a": 1.1603399265305967,
    "distance_0_1_a": 1.8652074909880412,
    "distance_8_0_p": 2.1819526444535455,
    "distance_8_9_a": 2.2039350671821154,
    "distance_6_3_a": 1.4660067428924464,
    "distance_0_7_p": 0.9696624276030121,
    "distance_0_3_a": 1.63092708316141,
    "distance_3_0_a": 1.63092708316141,
    "distance_5_4_n": 1.62489333281178,
    "distance_5_7_a": 1.635169099277448,
    "distance_7_5_n": 1.806547444297749,
    "distance_9_9_n": 0.0,
    "distance_4_7_a": 2.4807802379575747,
    "distance_6_9_a": 1.4668575893907132,
    "distance_2_0_p": 0.9723751425805496,
    "distance_0_1_p": 1.3137721200023975,
    "distance_3_6_a": 1.4660067428924464,
    "distance_6_8_n": 1.2525072239455426,
    "distance_8_7_p": 1.9119155696756849,
    "distance_9_3_p": 2.339086940151006,
    "distance_7_6_n": 2.030415585672074,
    "distance_1_1_p": 0.0,
    "distance_3_1_a": 1.4196093472381932,
    "distance_4_5_a": 1.6873800044941731,
    "distance_8_8_p": 0.0,
    "distance_3_7_p": 1.3809983422392094,
    "distance_6_6_p": 0.0,
    "distance_2_a_n": 1.844801671816768,
    "distance_1_8_a": 1.0010488397829818,
    "distance_1_a_p": 0.5115063607522785,
    "distance_7_0_n": 2.040036188464356,
    "distance_8_3_a": 1.024073958694217,
    "distance_3_2_a": 1.6226855309980834,
    "distance_4_8_a": 1.376742614248144,
    "distance_5_6_a": 0.9101183809620217,
    "distance_5_5_a": 0.0,
    "distance_6_7_a": 1.6792681046254643,
    "distance_7_5_a": 1.635169099277448,
    "distance_8_4_p": 1.1993809252192165,
    "distance_2_8_p": 1.048336611320849,
    "distance_8_0_n": 1.12333175486539,
    "distance_7_2_p": 1.4466235429909489,
    "distance_5_9_n": 1.372817478923949,
    "distance_9_9_p": 0.0,
    "distance_0_4_a": 1.4503716205674664,
    "distance_7_9_p": 1.4624645424564875,
    "distance_3_7_a": 1.576968092792086,
    "distance_5_0_p": 2.0482028316514658,
    "distance_2_3_a": 1.6226855309980834,
    "distance_6_5_n": 1.4294389146855337,
    "distance_2_1_p": 1.2628150698902232,
    "distance_6_0_p": 1.7856120292547075,
    "distance_9_1_p": 1.436767829839539,
    "distance_7_3_p": 1.3809983422392094,
    "distance_3_9_p": 2.339086940151006,
    "distance_9_1_a": 1.6654614403378787,
    "distance_5_2_a": 2.144380231140758,
    "distance_3_3_a": 0.0,
    "distance_2_2_p": 0.0,
    "distance_3_5_n": 1.2927678354323149,
    "distance_0_0_n": 0.0,
    "distance_4_9_p": 1.575566913575642,
    "distance_4_3_n": 1.28456440146023,
    "distance_6_8_a": 1.3002529061939327,
    "distance_4_2_p": 1.2849205765547964,
    "distance_5_a_n": 1.795979652824954,
    "distance_1_3_n": 1.770006003211165,
    "distance_5_5_p": 0.0,
    "distance_2_6_n": 2.4676439241240047,
    "distance_9_2_a": 1.018161958247731,
    "distance_9_4_p": 1.575566913575642,
    "distance_7_0_p": 0.9696624276030121,
    "distance_4_9_n": 0.9294143433136384,
    "distance_8_3_p": 0.6771380175251949,
    "distance_1_6_a": 1.5449761735686138,
    "distance_1_3_p": 1.8248610652181583,
    "distance_5_5_n": 0.0,
    "distance_4_a_p": 0.2803041739522918,
    "distance_1_3_a": 1.4196093472381932,
    "distance_4_9_a": 1.638193634428319,
    "distance_1_8_p": 1.834138236649835,
    "distance_6_9_n": 1.173250914770506,
    "distance_0_5_n": 1.664956873925405,
    "distance_0_7_n": 2.040036188464356,
    "distance_4_6_a": 1.6617426747383348,
    "distance_2_4_n": 1.8597389031255176,
    "distance_2_0_a": 0.9586022401754803,
    "distance_6_a_n": 1.4509867198876805,
    "distance_3_6_p": 0.5984069501939757,
    "distance_1_1_a": 0.0,
    "distance_0_8_p": 2.1819526444535455,
    "distance_0_a_n": 2.012946748964751,
    "distance_3_8_n": 1.7422226451231069,
    "distance_0_3_n": 1.4373520256313554,
    "distance_4_2_a": 1.808715320108604,
    "distance_5_0_a": 2.1138383228734625,
    "distance_5_1_n": 1.6263740412756675,
    "distance_0_8_n": 1.12333175486539,
    "distance_3_0_p": 1.898830177513048,
    "distance_1_2_a": 1.6821741884277799,
    "distance_8_4_n": 1.1491334520329133,
    "distance_2_7_a": 1.5892328094423647,
    "distance_8_0_a": 2.771693359736801,
    "distance_4_1_n": 1.3612848708185652,
    "distance_3_3_p": 0.0,
    "distance_7_1_a": 1.4218728619098897,
    "distance_6_4_p": 1.07544329791223,
    "distance_0_4_p": 1.491941779440836,
    "distance_5_8_n": 1.637795429317194,
    "distance_9_9_a": 0.0,
    "distance_4_1_a": 1.1149464131490419,
    "distance_4_6_p": 1.07544329791223,
    "distance_5_9_p": 2.516296303616187,
    "distance_9_5_a": 2.5796784801116246,
    "distance_0_8_a": 2.771693359736801,
    "distance_3_2_n": 2.034397800769568,
    "distance_1_1_n": 0.0,
    "distance_3_6_n": 1.3384436494678909,
    "distance_3_a_n": 1.2980107118621618,
    "distance_3_1_p": 1.8248610652181583,
    "distance_2_3_p": 1.1272944455805742,
    "distance_9_2_p": 1.305249418495805,
    "distance_5_1_p": 2.430576945721498,
    "distance_7_4_a": 2.4807802379575747,
    "distance_6_7_n": 2.030415585672074,
    "distance_9_4_a": 1.638193634428319,
    "distance_9_8_p": 2.375876338896944,
    "distance_8_6_n": 1.2525072239455426,
    "distance_7_7_n": 0.0,
    "distance_2_5_n": 1.81037985324798,
    "distance_1_6_p": 2.2773557055292173,
    "distance_0_6_n": 1.0963379157448259,
    "distance_5_a_p": 0.1778276733423354,
    "distance_0_7_a": 1.7490686564290172,
    "distance_4_4_p": 0.0,
    "distance_5_3_a": 0.8203794570423639,
    "distance_7_9_a": 2.227733305133839,
    "distance_5_1_a": 1.9626500879915056,
    "distance_4_a_n": 1.104271011514868,
    "distance_7_7_p": 0.0,
    "distance_6_9_p": 1.9058018598701807,
    "distance_0_5_p": 2.0482028316514658,
    "distance_0_2_a": 0.9586022401754803,
    "distance_8_5_n": 1.637795429317194,
    "distance_0_4_n": 0.7681211428711698,
    "distance_6_1_n": 1.6320258284440712,
    "distance_9_7_a": 2.227733305133839,
    "distance_7_a_n": 1.8857140882419685,
    "distance_9_a_n": 1.529284328246149,
    "distance_9_7_p": 1.4624645424564875,
    "distance_1_8_n": 0.6246123586834074,
    "distance_4_5_p": 1.3908518448717047,
    "distance_2_6_a": 1.7640860605986433,
    "distance_8_8_a": 0.0,
    "distance_8_4_a": 1.376742614248144,
    "distance_1_a_n": 1.6191974904145923,
    "distance_6_4_a": 1.6617426747383348,
    "distance_5_3_p": 0.6015853420013038,
    "distance_3_8_p": 0.6771380175251949,
    "distance_2_1_n": 1.5981762513552553,
    "distance_7_1_p": 1.187262898985196,
    "distance_3_5_p": 0.6015853420013038,
    "distance_9_6_p": 1.9058018598701807,
    "distance_1_5_a": 1.9626500879915056,