{
    "distance_9_5_n": 1.3149318822350011,
    "distance_7_5_n": 1.9259169799432954,
    "distance_5_6_a": 1.7920329416667755,
    "distance_7_4_a": 1.3808125893413035,
    "distance_5_1_p": 1.4150797859629307,
    "distance_1_1_n": 0.0,
    "distance_4_3_p": 1.021058359920758,
    "distance_4_7_a": 1.3808125893413035,
    "distance_8_5_a": 1.9937206044463807,
    "distance_1_7_a": 2.350631403493253,
    "distance_5_3_p": 1.2076662741315545,
    "distance_2_5_n": 1.7728184261273014,
    "distance_3_5_p": 1.2076662741315545,
    "distance_7_9_a": 1.736370122298979,
    "distance_6_4_a": 1.4503957396527767,
    "distance_0_1_a": 1.9520199057035512,
    "distance_6_7_a": 1.4903364435248392,
    "distance_0_4_p": 2.00775436120297,
    "distance_7_3_a": 0.8408357566068503,
    "distance_0_1_p": 1.9201555349537927,
    "distance_0_6_n": 1.3686884638498356,
    "distance_7_a_p": 0.3631827678876931,
    "distance_3_7_n": 1.9310737450925899,
    "distance_0_0_p": 0.0,
    "distance_3_3_p": 0.0,
    "distance_8_6_a": 1.5023107336876507,
    "distance_6_7_p": 1.8120897629694497,
    "distance_1_4_a": 2.089197010997168,
    "distance_7_4_n": 1.9042647629905787,
    "distance_8_1_n": 1.5294960296255908,
    "distance_6_1_n": 1.8282166798744584,
    "distance_3_5_a": 1.0770126624411205,
    "distance_3_4_a": 0.9185474903099475,
    "distance_4_0_p": 2.00775436120297,
    "distance_1_2_p": 2.4617015397934807,
    "distance_6_6_a": 0.0,
    "distance_3_a_p": 0.5205858732938964,
    "distance_4_8_n": 0.8606411931346294,
    "distance_4_7_p": 1.628355554403754,
    "distance_8_1_p": 1.9012249750094412,
    "distance_9_8_n": 1.4635909579311743,
    "distance_9_9_p": 0.0,
    "distance_7_2_a": 1.8962799511872532,
    "distance_2_7_n": 1.5010845083043591,
    "distance_3_0_a": 1.5652316816681946,
    "distance_3_4_p": 1.021058359920758,
    "distance_2_5_a": 2.161192039914809,
    "distance_8_2_a": 1.254197611008422,
    "distance_4_3_n": 1.3342281672578338,
    "distance_4_0_a": 1.5112746787783635,
    "distance_8_4_p": 1.833156778916475,
    "distance_6_5_a": 1.7920329416667755,
    "distance_9_2_a": 2.106927515562859,
    "distance_3_2_p": 2.4820575492922217,
    "distance_9_7_p": 1.3222998003436857,
    "distance_5_8_n": 1.021494946104795,
    "distance_1_5_n": 1.3633004216576552,
    "distance_2_9_a": 2.106927515562859,
    "distance_1_2_a": 2.7121113554485987,
    "distance_3_7_a": 0.8408357566068503,
    "distance_4_a_n": 1.5701372140032532,
    "distance_4_9_a": 1.8032073023653226,
    "distance_5_9_n": 1.3149318822350011,
    "distance_0_4_n": 2.235742577061103,
    "distance_1_4_n": 1.386596952276605,
    "distance_2_1_p": 2.4617015397934807,
    "distance_7_2_n": 1.5010845083043591,
    "distance_2_3_p": 2.4820575492922217,
    "distance_8_2_p": 1.549231980547816,
    "distance_7_0_n": 1.6943912240748347,
    "distance_3_1_n": 2.371396110530114,
    "distance_5_2_a": 2.161192039914809,
    "distance_9_0_p": 1.483212846551524,
    "distance_1_8_p": 1.9012249750094412,
    "distance_5_2_n": 1.7728184261273014,
    "distance_1_0_n": 2.000430189702925,
    "distance_2_4_n": 1.7874871113199333,
    "distance_6_0_p": 1.9316638600457878,
    "distance_2_1_n": 2.44664196934265,
    "distance_5_1_n": 1.3633004216576552,
    "distance_3_9_p": 2.162380044219617,
    "distance_5_9_p": 1.1420609930556935,
    "distance_0_6_a": 1.5504649468226859,
    "distance_4_5_a": 1.0589402070241363,
    "distance_1_3_p": 2.1031843479949117,
    "distance_3_6_a": 1.7448031672304296,
    "distance_2_7_p": 1.6984613778267885,
    "distance_9_6_p": 2.23908487756313,
    "distance_9_7_a": 1.736370122298979,
    "distance_8_2_n": 1.8550277325567208,
    "distance_6_9_p": 2.23908487756313,
    "distance_4_3_a": 0.9185474903099475,
    "distance_6_5_p": 2.132745833226309,
    "distance_0_0_a": 0.0,
    "distance_7_7_a": 0.0,
    "distance_6_3_p": 1.6152077456126932,
    "distance_5_3_n": 1.4165265966256726,
    "distance_8_0_p": 1.0786983125877327,
    "distance_7_8_p": 2.1700290732138114,
    "distance_5_0_p": 1.5678188688989394,
    "distance_3_1_a": 1.6807087779054655,
    "distance_8_4_a": 1.6949151295672351,
    "distance_5_0_a": 1.419258259115864,
    "distance_1_6_p": 1.9188385523193574,
    "distance_3_7_p": 0.8070081993803377,
    "distance_3_9_n": 0.9796901880066891,
    "distance_0_8_a": 1.0860716960823993,
    "distance_3_8_p": 2.370315714611081,
    "distance_9_4_n": 1.441687753918032,
    "distance_4_2_p": 2.502943954032176,
    "distance_8_8_p": 0.0,
    "distance_0_8_p": 1.0786983125877327,
    "distance_5_a_p": 0.4030291812036957,
    "distance_9_1_a": 1.5596876293921156,
    "distance_5_6_p": 2.132745833226309,
    "distance_4_5_n": 1.0968447413341806,
    "distance_1_1_p": 0.0,
    "distance_7_8_a": 2.161620370905567,
    "distance_1_8_a": 2.0910593618971376,
    "distance_1_9_n": 1.7481014062368558,
    "distance_0_2_p": 1.1177652595968226,
    "distance_3_1_p": 2.1031843479949117,
    "distance_3_4_n": 1.3342281672578338,
    "distance_0_6_p": 1.9316638600457878,
    "distance_9_6_a": 1.4558120985116716,
    "distance_7_7_n": 0.0,
    "distance_4_0_n": 2.235742577061103,
    "distance_1_5_a": 1.9739669688198234,
    "distance_5_7_n": 1.9259169799432954,
    "distance_1_1_a": 0.0,
    "distance_7_1_n": 1.3854135752673216,
    "distance_7_4_p": 1.628355554403754,
    "distance_4_1_p": 1.772572412673071,
    "distance_8_6_p": 1.5023577825641041,
    "distance_9_8_a": 0.9834484253988194,
    "distance_1_7_n": 1.3854135752673216,
    "distance_2_7_a": 1.8962799511872532,
    "distance_7_9_n": 1.6029181731656905,
    "distance_1_9_p": 1.5792452511619217,
    "distance_7_3_n": 1.9310737450925899,
    "distance_0_8_n": 2.222229869636294,
    "distance_8_5_n": 1.021494946104795,
    "distance_9_9_a": 0.0,
    "distance_6_2_a": 2.019036723949071,
    "distance_5_8_p": 2.107565026099337,
    "distance_6_1_a": 1.502630446769345,
    "distance_6_2_p": 2.407788415667156,
    "distance_8_0_a": 1.0860716960823993,
    "distance_0_9_p": 1.483212846551524,
    "distance_7_6_n": 1.3148260802168465,
    "distance_1_2_n": 2.44664196934265,
    "distance_3_3_a": 0.0,
    "distance_0_7_a": 1.052888630277394,
    "distance_8_9_a": 0.9834484253988194,
    "distance_7_7_p": 0.0,
    "distance_9_6_n": 1.731226303076042,
    "distance_6_4_p": 1.2420412664416745,
    "distance_9_4_p": 2.343488744887523,
    "distance_5_2_p": 1.6380010862963132,
    "distance_0_4_a": 1.5112746787783635,
    "distance_2_1_a": 2.7121113554485987,
    "distance_6_a_p": 0.41242274508806887,
    "distance_0_a_n": 1.3693138922693748,
    "distance_2_a_n": 1.5729228047067778,
    "distance_6_5_n": 1.6252234015569798,
    "distance_7_8_n": 2.232340789960517,
    "distance_5_5_n": 0.0,
    "distance_5_7_a": 0.6237234835282521,
    "distance_8_8_n": 0.0,
    "distance_2_5_p": 1.6380010862963132,
    "distance_4_2_n": 1.7874871113199333,
    "distance_2_3_n": 1.583635874160393,
    "distance_4_6_n": 1.837697899575815,
    "distance_7_1_a": 2.350631403493253,
    "distance_9_a_n": 1.508922316762451,
    "distance_7_6_p": 1.8120897629694497,
    "distance_5_5_p": 0.0,
    "distance_6_9_a": 1.4558120985116716,
    "distance_9_5_p": 1.1420609930556935,
    "distance_1_5_p": 1.4150797859629307,
    "distance_3_0_p": 1.6707966696449148,
    "distance_2_8_p": 1.549231980547816,
    "distance_7_5_a": 0.6237234835282521,
    "distance_8_3_p": 2.370315714611081,
    "distance_4_a_p": 0.5969533960538342,
    "distance_2_6_n": 1.1399927694088205,
    "distance_8_a_n": 1.2368942247918682,
    "distance_8_7_n": 2.232340789960517,
    "distance_0_7_p": 1.4103521772724434,
    "distance_7_0_a": 1.052888630277394,
    "distance_2_3_a": 2.513770186866168,
    "distance_1_0_p": 1.9201555349537927,
    "distance_7_5_p": 1.1207196659825058,
    "distance_9_1_p": 1.5792452511619217,
    "distance_0_2_n": 1.152148704937872,
    "distance_2_0_a": 1.779209637086808,
    "distance_9_1_n": 1.7481014062368558,
    "distance_3_5_n": 1.4165265966256726,