{
    "distance_4_2_p": 3.999999523162856,
    "distance_5_3_p": 1.7444540238604345e-08,
    "distance_5_8_p": 4.104083437398708e-08,
    "distance_4_3_a": 3.628925027230473e-08,
    "distance_2_8_n": 4.0,
    "distance_5_5_p": 0.0,
    "distance_0_3_n": 4.2869873286453336e-08,
    "distance_4_0_p": 1.761394580029592e-08,
    "distance_6_8_a": 1.9222275218255168e-08,
    "distance_8_6_n": 1.2956091072611303e-08,
    "distance_6_9_a": 4.0,
    "distance_3_8_n": 2.9415448215816808e-08,
    "distance_3_3_a": 0.0,
    "distance_6_8_n": 1.2956091072611303e-08,
    "distance_0_1_a": 3.999999523162856,
    "distance_7_4_a": 5.63767270199315e-08,
    "distance_4_5_p": 5.188004546288679e-09,
    "distance_4_1_n": 4.0,
    "distance_7_8_p": 7.7806984902934e-09,
    "distance_9_3_n": 4.0,
    "distance_6_3_p": 2.836623129347301e-08,
    "distance_9_6_a": 4.0,
    "distance_7_7_n": 0.0,
    "distance_1_0_a": 3.999999523162856,
    "distance_9_9_a": 0.0,
    "distance_0_7_a": 5.3666207402230465e-08,
    "distance_3_7_n": 4.0,
    "distance_3_0_n": 4.2869873286453336e-08,
    "distance_6_3_a": 9.78947770438428e-09,
    "distance_5_a_p": 4.605383636271826e-08,
    "distance_8_2_n": 4.0,
    "distance_2_a_p": 4.539853902125197e-09,
    "distance_9_a_p": 1.569092487406298e-09,
    "distance_8_1_p": 4.0,
    "distance_2_4_p": 3.999999523162856,
    "distance_3_7_a": 1.551778562642145e-08,
    "distance_0_9_a": 4.0,
    "distance_0_9_n": 4.0,
    "distance_5_1_a": 3.999999523162856,
    "distance_8_8_a": 0.0,
    "distance_9_4_n": 3.0961218394035947e-09,
    "distance_3_5_a": 1.5319287979579907e-08,
    "distance_3_4_n": 4.0,
    "distance_9_5_a": 4.0,
    "distance_6_0_n": 1.3732872025711096e-08,
    "distance_5_1_p": 4.0,
    "distance_9_0_n": 4.0,
    "distance_8_0_a": 2.3292146875306637e-08,
    "distance_3_6_p": 2.836623129347301e-08,
    "distance_0_6_a": 4.646355145552153e-08,
    "distance_4_7_p": 3.487379457752156e-08,
    "distance_6_6_a": 0.0,
    "distance_8_1_n": 1.640855877653152e-08,
    "distance_8_5_n": 1.0007548997332982e-08,
    "distance_1_2_a": 1.9755000126876887e-08,
    "distance_1_a_n": 3.999999523162856,
    "distance_9_8_n": 4.0,
    "distance_7_2_p": 4.0,
    "distance_7_a_n": 3.999999523162856,
    "distance_7_6_n": 3.999999523162856,
    "distance_0_2_a": 3.999999523162856,
    "distance_2_2_n": 0.0,
    "distance_1_8_p": 4.0,
    "distance_5_5_n": 0.0,
    "distance_2_0_p": 4.0,
    "distance_2_5_p": 4.0,
    "distance_4_0_n": 4.0,
    "distance_3_4_a": 3.628925027230473e-08,
    "distance_9_4_p": 3.999999523162856,
    "distance_5_1_n": 1.241179445851115e-08,
    "distance_4_6_n": 4.0,
    "distance_1_2_p": 3.048853054272722e-09,
    "distance_3_1_n": 4.878333945682634e-08,
    "distance_3_4_p": 1.2919362306794593e-08,
    "distance_4_7_a": 5.63767270199315e-08,
    "distance_3_0_p": 2.4269239698002408e-08,
    "distance_3_7_p": 2.757289192089907e-08,
    "distance_1_1_n": 0.0,
    "distance_2_2_p": 0.0,
    "distance_2_7_n": 9.821990694251375e-09,
    "distance_6_1_p": 3.999999523162856,
    "distance_5_9_a": 4.0,
    "distance_5_4_p": 5.188004546288679e-09,
    "distance_3_3_n": 0.0,
    "distance_0_a_n": 3.177825187972635e-08,
    "distance_2_3_p": 4.0,
    "distance_7_6_p": 5.555909415646784e-09,
    "distance_4_0_a": 1.3742413131649706e-08,
    "distance_6_7_n": 3.999999523162856,
    "distance_4_9_n": 3.0961218394035947e-09,
    "distance_0_4_p": 1.761394580029592e-08,
    "distance_1_7_a": 3.999999523162856,
    "distance_2_4_a": 3.999999523162856,
    "distance_6_9_p": 3.999999523162856,
    "distance_9_3_p": 3.999999523162856,
    "distance_8_5_p": 4.104083437398708e-08,
    "distance_7_3_n": 4.0,
    "distance_9_5_p": 3.999999523162856,
    "distance_4_9_a": 4.0,
    "distance_1_a_p": 1.0822553767159842e-08,
    "distance_8_6_p": 1.0648361386565498e-08,
    "distance_0_5_n": 8.859106780651585e-09,
    "distance_2_9_p": 3.9544540539416945e-09,
    "distance_7_2_a": 4.0,
    "distance_0_6_p": 7.93886175230269e-08,
    "distance_4_2_a": 3.999999523162856,
    "distance_0_7_n": 4.0,
    "distance_9_6_n": 4.0,
    "distance_6_8_p": 1.0648361386565498e-08,
    "distance_0_1_p": 4.0,
    "distance_6_2_a": 4.0,
    "distance_0_a_p": 1.9222412411345613e-08,
    "distance_4_5_a": 4.819130784869624e-08,
    "distance_7_0_p": 7.439817260045426e-08,
    "distance_3_3_p": 0.0,
    "distance_9_1_n": 4.0,
    "distance_5_2_n": 4.0,
    "distance_5_7_a": 7.464105598409564e-09,
    "distance_6_2_n": 4.0,
    "distance_6_0_a": 4.646355145552153e-08,
    "distance_9_7_a": 4.0,
    "distance_6_7_p": 5.555909415646784e-09,
    "distance_6_7_a": 6.270303943832723e-09,
    "distance_8_2_a": 3.999999523162856,
    "distance_1_0_n": 1.7645756981467253e-08,
    "distance_5_9_n": 4.0,
    "distance_4_5_n": 4.0,
    "distance_0_8_n": 5.481719999626471e-09,
    "distance_2_9_n": 6.58046513544384e-09,
    "distance_8_3_n": 2.9415448215816808e-08,
    "distance_3_9_a": 4.0,
    "distance_8_6_a": 1.9222275218255168e-08,
    "distance_8_a_p": 1.0850887480500677e-08,
    "distance_1_7_p": 4.0,
    "distance_1_5_p": 4.0,
    "distance_4_4_p": 0.0,
    "distance_0_4_a": 1.3742413131649706e-08,
    "distance_1_4_a": 3.999999523162856,
    "distance_9_2_p": 3.9544540539416945e-09,
    "distance_0_0_a": 0.0,
    "distance_9_8_p": 3.999999523162856,
    "distance_8_a_n": 1.5870004633952026e-08,
    "distance_5_8_n": 1.0007548997332982e-08,
    "distance_5_5_a": 0.0,
    "distance_4_4_n": 0.0,
    "distance_1_8_n": 1.640855877653152e-08,
    "distance_2_7_a": 4.0,
    "distance_8_7_p": 7.7806984902934e-09,
    "distance_5_2_p": 4.0,
    "distance_5_0_n": 8.859106780651585e-09,
    "distance_1_1_a": 0.0,
    "distance_7_9_a": 4.0,
    "distance_7_5_a": 7.464105598409564e-09,
    "distance_8_7_n": 4.0,
    "distance_1_0_p": 4.0,
    "distance_1_3_a": 3.999999523162856,
    "distance_5_2_a": 3.999999523162856,
    "distance_3_2_a": 3.999999523162856,
    "distance_7_5_p": 4.421138383544896e-08,
    "distance_0_8_a": 2.3292146875306637e-08,
    "distance_9_a_n": 1.8536731028075945e-09,
    "distance_6_4_p": 3.474317269816391e-08,
    "distance_9_5_n": 4.0,
    "distance_4_9_p": 3.999999523162856,
    "distance_9_2_a": 2.9709233909288853e-09,
    "distance_1_3_n": 4.878333945682634e-08,
    "distance_4_8_p": 2.8028010265542448e-08,
    "distance_6_6_p": 0.0,
    "distance_0_1_n": 1.7645756981467253e-08,
    "distance_7_7_a": 0.0,
    "distance_9_0_a": 4.0,
    "distance_2_3_a": 3.999999523162856,
    "distance_0_0_p": 0.0,
    "distance_0_9_p": 4.0,
    "distance_1_2_n": 4.0,
    "distance_1_5_n": 1.241179445851115e-08,
    "distance_5_7_n": 4.0,
    "distance_3_5_n": 4.507150680585484e-08,
    "distance_1_9_n": 4.0,
    "distance_2_1_p": 3.048853054272722e-09,
    "distance_7_1_p": 4.0,
    "distance_7_4_n": 2.867803973368874e-09,
    "distance_5_6_a": 7.079611172210427e-09,
    "distance_0_3_p": 2.4269239698002408e-08,
    "distance_9_7_n": 2.844571712256786e-09,
    "distance_9_4_a": 4.0,
    "distance_0_5_a": 4.402566221750455e-08,
    "distance_8_9_n": 4.0,
    "distance_4_a_p": 1.2257718209605938e-08,
    "distance_5_6_n": 1.1443225578064888e-08,
    "distance_3_6_a": 9.78947770438428e-09,
    "distance_5_3_n": 4.507150680585484e-08,
    "distance_5_4_a": 4.819130784869624e-08,
    "distance_5_8_a": 1.94021341592461e-08,
    "distance_0_7_p": 7.439817260045426e-08,
    "distance_3_6_n": 3.6504267104502805e-08,
    "distance_9_1_a": 1.3957737021842118e-08,
    "distance_1_6_n": 8.426482676304113e-09,
    "distance_5_3_a": 1.5319287979579907e-08,
    "distance_8_8_n": 0.0,
    "distance_6_6_n": 0.0,
    "distance_8_9_a": 4.0,
    "distance_1_7_n": 4.0,
    "distance_0_8_p": 6.143549210602518e-08,
    "distance_8_7_a": 2.8416893851912484e-08,
    "distance_6_9_n": 4.0,
    "distance_2_5_a": 3.999999523162856,
    "distance_8_3_p": 2.1221418570780228e-08,
    "distance_1_6_p": 3.999999523162856,
    "distance_7_1_n": 4.0,
    "distance_8_4_p": 2.8028010265542448e-08,