{
    "distance_6_a_p": 0.5895593609896856,
    "distance_7_a_p": 0.589355993996751,
    "distance_0_7_a": 0.9216119751365568,
    "distance_9_9_p": 0.0,
    "distance_6_5_a": 1.769031394632762,
    "distance_3_0_p": 1.73171759495132,
    "distance_7_8_a": 0.7705714319189418,
    "distance_2_2_n": 0.0,
    "distance_1_a_n": 0.979476751163034,
    "distance_0_9_n": 1.0228653047889225,
    "distance_8_9_p": 1.1006829340051496,
    "distance_0_4_a": 0.7017801523672382,
    "distance_6_1_n": 0.7422552106658173,
    "distance_4_a_p": 0.30724229003911674,
    "distance_1_6_a": 1.8648480299546009,
    "distance_6_1_a": 1.8648480299546009,
    "distance_1_5_n": 0.9396923095874286,
    "distance_7_9_a": 1.196575405445003,
    "distance_1_1_p": 0.0,
    "distance_5_0_a": 0.9160862273760451,
    "distance_8_8_p": 0.0,
    "distance_7_5_n": 1.1180937265763191,
    "distance_5_0_n": 1.0743794031539124,
    "distance_7_1_n": 1.5588787342495039,
    "distance_8_2_n": 0.6946369476722261,
    "distance_4_3_a": 1.6837698620270345,
    "distance_9_8_n": 1.1559434490211515,
    "distance_9_a_p": 0.3872792846044746,
    "distance_2_7_n": 1.3931714006418048,
    "distance_0_a_n": 1.6494668308786373,
    "distance_7_4_p": 0.797200567882328,
    "distance_3_0_a": 1.3753716326666563,
    "distance_5_7_p": 0.9000133893362126,
    "distance_8_1_a": 0.4831989088163482,
    "distance_1_7_p": 0.5701372320815246,
    "distance_6_6_n": 0.0,
    "distance_9_4_a": 0.586161196410103,
    "distance_0_6_p": 1.8098653377592768,
    "distance_1_8_a": 0.4831989088163482,
    "distance_1_6_p": 1.428479878261001,
    "distance_9_7_n": 1.5910036117489312,
    "distance_0_6_a": 1.9163290478081905,
    "distance_9_3_a": 1.3556085654421537,
    "distance_1_2_n": 1.2582430909856726,
    "distance_9_1_p": 1.2679971832849333,
    "distance_2_8_p": 0.5733410122621194,
    "distance_5_2_a": 0.475253235380535,
    "distance_6_7_a": 1.509290475661146,
    "distance_8_0_p": 0.8519567973697271,
    "distance_9_7_a": 1.196575405445003,
    "distance_0_1_a": 1.150248047032676,
    "distance_2_4_p": 1.188184534050606,
    "distance_6_7_n": 0.9599646795629191,
    "distance_5_9_p": 1.00228296730171,
    "distance_2_a_n": 1.2708354465203797,
    "distance_0_4_n": 1.3066880195983686,
    "distance_0_4_p": 0.6286827002822157,
    "distance_8_2_a": 1.5109194657416083,
    "distance_8_5_n": 1.454071359950845,
    "distance_2_1_a": 1.5732924096585208,
    "distance_6_0_a": 1.9163290478081905,
    "distance_8_1_p": 1.1752557684385465,
    "distance_8_5_a": 0.9253115739572912,
    "distance_5_6_p": 1.4096090281515359,
    "distance_4_6_p": 2.022193991360055,
    "distance_7_4_a": 0.7667287689094024,
    "distance_3_6_p": 0.7215708586532834,
    "distance_5_6_n": 1.0633578110111017,
    "distance_3_4_a": 1.6837698620270345,
    "distance_8_0_a": 0.7574569408788854,
    "distance_0_5_a": 0.9160862273760451,
    "distance_4_8_p": 1.1621579125865225,
    "distance_1_9_n": 0.9274840307914225,
    "distance_7_2_n": 1.3931714006418048,
    "distance_3_6_n": 1.170603310811714,
    "distance_2_0_a": 1.0992423887082623,
    "distance_5_2_p": 0.9853346795821949,
    "distance_2_0_p": 0.9518766640312073,
    "distance_3_1_a": 1.9143265190010084,
    "distance_3_7_n": 1.058133668892026,
    "distance_3_5_n": 0.7835299084287186,
    "distance_0_5_p": 0.8610416909991869,
    "distance_6_9_n": 1.3585787615284204,
    "distance_1_4_p": 0.6074559840001257,
    "distance_9_5_n": 0.9014304327779996,
    "distance_8_8_a": 0.0,
    "distance_2_5_a": 0.475253235380535,
    "distance_1_0_a": 1.150248047032676,
    "distance_9_2_a": 1.4890938771993802,
    "distance_4_3_p": 2.075934042660265,
    "distance_6_9_a": 1.964927705387609,
    "distance_8_7_n": 1.768148674748332,
    "distance_3_8_n": 1.8408278489693117,
    "distance_7_5_a": 0.6696159773982266,
    "distance_0_3_p": 1.73171759495132,
    "distance_6_8_n": 2.2515126624097235,
    "distance_0_3_n": 0.8459312454920678,
    "distance_2_9_a": 1.4890938771993802,
    "distance_4_5_a": 0.7416181727183044,
    "distance_6_7_p": 1.7524709729867851,
    "distance_2_8_a": 1.5109194657416083,
    "distance_0_8_p": 0.8519567973697271,
    "distance_0_7_p": 1.5466340886088261,
    "distance_0_2_n": 1.8970771848785404,
    "distance_0_8_a": 0.7574569408788854,
    "distance_1_0_n": 1.1635678563021798,
    "distance_2_3_n": 1.7432304490398707,
    "distance_7_0_n": 0.7388840958073253,
    "distance_9_8_p": 1.1006829340051496,
    "distance_6_4_a": 2.2333358279587543,
    "distance_8_9_n": 1.1559434490211515,
    "distance_6_a_n": 1.328689686270991,
    "distance_4_5_p": 0.5769072011617915,
    "distance_3_4_n": 1.3329982639159113,
    "distance_1_6_n": 0.7422552106658173,
    "distance_8_7_a": 0.7705714319189418,
    "distance_2_1_p": 1.6028562938586788,
    "distance_6_5_p": 1.4096090281515359,
    "distance_5_3_a": 1.0787134176128035,
    "distance_2_4_a": 1.0743739663826233,
    "distance_7_7_p": 0.0,
    "distance_5_3_p": 1.435137054743393,
    "distance_1_9_p": 1.2679971832849333,
    "distance_7_6_n": 0.9599646795629191,
    "distance_9_a_n": 0.9675245794651346,
    "distance_9_6_p": 1.3661617049720576,
    "distance_7_1_a": 0.895247880832958,
    "distance_3_3_p": 0.0,
    "distance_1_3_n": 1.1417305525311008,
    "distance_9_4_n": 1.006218534236325,
    "distance_0_8_n": 2.1494397062883905,
    "distance_8_5_p": 0.7090511403499136,
    "distance_0_1_n": 1.1635678563021798,
    "distance_2_2_p": 0.0,
    "distance_3_8_a": 1.7120993844002896,
    "distance_8_a_p": 0.6818280083283668,
    "distance_0_3_a": 1.3753716326666563,
    "distance_2_a_p": 0.7500225824294517,
    "distance_1_3_p": 1.708809433476418,
    "distance_3_a_n": 1.2198440067149932,
    "distance_6_1_p": 1.428479878261001,
    "distance_2_0_n": 1.8970771848785404,
    "distance_6_2_p": 1.628770562676948,
    "distance_3_a_p": 0.2974470771232838,
    "distance_4_6_a": 2.2333358279587543,
    "distance_5_8_p": 0.7090511403499136,
    "distance_5_4_p": 0.5769072011617915,
    "distance_5_5_a": 0.0,
    "distance_5_a_p": 0.34221556040597534,
    "distance_4_7_p": 0.797200567882328,
    "distance_3_7_p": 1.7372040229247432,
    "distance_4_9_n": 1.006218534236325,
    "distance_7_8_p": 1.578112007510768,
    "distance_3_3_a": 0.0,
    "distance_2_4_n": 0.9711378399718029,
    "distance_1_3_a": 1.9143265190010084,
    "distance_5_8_a": 0.9253115739572912,
    "distance_0_0_a": 0.0,
    "distance_3_9_n": 0.9623285019175434,
    "distance_3_0_n": 0.8459312454920678,
    "distance_8_9_a": 0.8180991302766074,
    "distance_8_3_n": 1.8408278489693117,
    "distance_9_6_n": 1.3585787615284204,
    "distance_9_3_n": 0.9623285019175434,
    "distance_1_7_n": 1.5588787342495039,
    "distance_4_4_p": 0.0,
    "distance_6_0_p": 1.8098653377592768,
    "distance_3_9_a": 1.3556085654421537,
    "distance_5_0_p": 0.8610416909991869,
    "distance_2_9_p": 1.5347064887510555,
    "distance_3_6_a": 1.0803064767565616,
    "distance_7_8_n": 1.768148674748332,
    "distance_2_7_a": 1.197702855102989,
    "distance_1_9_a": 1.5088083928372384,
    "distance_8_6_a": 1.7674141940097456,
    "distance_2_6_a": 1.7475365650907406,
    "distance_0_2_a": 1.0992423887082623,
    "distance_3_8_p": 1.1076674406685925,
    "distance_1_a_p": 0.3566377027031855,
    "distance_4_2_n": 0.9711378399718029,
    "distance_7_5_p": 0.9000133893362126,
    "distance_5_6_a": 1.769031394632762,
    "distance_9_4_p": 1.2217048442844316,
    "distance_7_3_p": 1.7372040229247432,
    "distance_8_4_a": 0.8763262963975791,
    "distance_5_9_a": 1.1163732770297798,
    "distance_6_0_n": 0.900708365015138,
    "distance_5_1_a": 0.9322994743186577,
    "distance_2_5_n": 0.8022785571405997,
    "distance_9_8_a": 0.8180991302766074,
    "distance_2_3_p": 1.4814534761862888,
    "distance_5_5_n": 0.0,
    "distance_4_4_n": 0.0,
    "distance_6_8_p": 1.243962029845136,
    "distance_2_2_a": 0.0,
    "distance_7_9_n": 1.5910036117489312,
    "distance_6_8_a": 1.7674141940097456,