{
    "distance_9_3_a": 1.6793947799897069,
    "distance_4_2_p": 1.8464969789773846,
    "distance_1_0_a": 1.2335263495522355,
    "distance_3_8_p": 1.6141861637612607,
    "distance_9_7_p": 1.0450331987346004,
    "distance_3_4_n": 2.750582562908278,
    "distance_5_9_n": 1.0841680286973912,
    "distance_4_8_a": 1.2140829520685656,
    "distance_6_9_n": 1.8637343765735892,
    "distance_5_8_n": 1.5774450727824387,
    "distance_4_9_a": 1.2342490884802828,
    "distance_6_5_a": 0.8058933490195876,
    "distance_0_1_n": 0.8918970126686396,
    "distance_7_8_n": 1.2661346710140151,
    "distance_9_5_a": 1.171670200220106,
    "distance_4_1_a": 0.9889679733314551,
    "distance_6_6_a": 0.0,
    "distance_8_8_n": 0.0,
    "distance_5_5_n": 0.0,
    "distance_8_8_a": 0.0,
    "distance_7_4_a": 1.5967210913633068,
    "distance_7_a_p": 0.806092411149141,
    "distance_3_a_n": 1.3761742256661478,
    "distance_2_2_p": 0.0,
    "distance_7_0_p": 0.7276243293768516,
    "distance_4_0_a": 0.9714340204929819,
    "distance_0_2_n": 0.9453535994629227,
    "distance_9_6_p": 1.485460819822947,
    "distance_5_2_p": 1.4283601994260522,
    "distance_7_2_n": 1.5953981914880302,
    "distance_7_5_n": 1.2753451416261328,
    "distance_3_2_p": 1.808748346750022,
    "distance_7_9_a": 0.9489268853803914,
    "distance_4_a_p": 0.5539781540032926,
    "distance_9_7_n": 0.995757321084568,
    "distance_2_0_a": 1.229944650800249,
    "distance_8_5_n": 1.5774450727824387,
    "distance_2_6_p": 1.5606519087363182,
    "distance_3_4_p": 1.123231943140354,
    "distance_3_2_n": 1.1393539118946592,
    "distance_0_5_p": 0.9968552318334822,
    "distance_4_1_n": 1.1899349873215357,
    "distance_0_4_p": 0.8867666373628289,
    "distance_0_2_a": 1.229944650800249,
    "distance_1_9_n": 1.252811959222754,
    "distance_1_9_a": 1.8168341775892713,
    "distance_6_3_n": 2.0482877947666225,
    "distance_7_0_n": 1.6894497699443178,
    "distance_3_2_a": 1.422883713155798,
    "distance_9_8_p": 1.418705298176576,
    "distance_9_3_p": 1.4437673954307826,
    "distance_3_3_a": 0.0,
    "distance_8_5_p": 1.134829521980464,
    "distance_1_3_a": 1.481423296464527,
    "distance_9_a_p": 1.3583420043375014,
    "distance_7_7_p": 0.0,
    "distance_8_2_n": 0.7562907187662091,
    "distance_9_6_a": 0.8015648131905415,
    "distance_2_3_a": 1.422883713155798,
    "distance_9_a_n": 0.9191499215703516,
    "distance_9_3_n": 1.4609855194208308,
    "distance_0_1_p": 1.0369490863650412,
    "distance_4_7_n": 1.5982383416712764,
    "distance_2_2_a": 0.0,
    "distance_3_1_p": 1.211815575222218,
    "distance_6_1_a": 1.5316359790881648,
    "distance_1_8_p": 1.2664289856837883,
    "distance_6_4_n": 1.591725744612532,
    "distance_8_3_a": 1.3648684222753218,
    "distance_0_0_p": 0.0,
    "distance_7_2_a": 1.3608072900792791,
    "distance_1_8_n": 0.7296199733630147,
    "distance_6_8_p": 1.0027666127373323,
    "distance_1_4_n": 1.1899349873215357,
    "distance_5_6_a": 0.8058933490195876,
    "distance_9_1_p": 1.3192194827429518,
    "distance_1_7_a": 1.3646620329281092,
    "distance_0_3_p": 1.4856003030954525,
    "distance_3_5_p": 1.4416951969452754,
    "distance_6_8_n": 1.1229077751440997,
    "distance_3_1_a": 1.481423296464527,
    "distance_8_7_a": 1.5218804812826079,
    "distance_2_9_a": 1.068275182675066,
    "distance_6_a_p": 0.6968926405352818,
    "distance_1_6_p": 1.6977200829856542,
    "distance_3_1_n": 1.6542296040554447,
    "distance_9_0_n": 1.8224817181092021,
    "distance_3_6_a": 1.650715770077241,
    "distance_9_8_a": 1.078917469626063,
    "distance_1_5_p": 1.223975382981962,
    "distance_8_2_p": 1.3867471560208742,
    "distance_1_4_p": 1.461379199105295,
    "distance_8_a_n": 1.3029536591820943,
    "distance_0_8_p": 0.8823394709938981,
    "distance_2_5_a": 1.8720193666649863,
    "distance_7_6_n": 1.0045393843807346,
    "distance_8_4_p": 1.1206454617404802,
    "distance_5_7_n": 1.2753451416261328,
    "distance_9_9_p": 0.0,
    "distance_8_6_p": 1.0027666127373323,
    "distance_6_6_p": 0.0,
    "distance_3_8_n": 1.35374572945517,
    "distance_8_9_p": 1.418705298176576,
    "distance_4_9_n": 1.7545973231719927,
    "distance_0_2_p": 1.8330247541559999,
    "distance_6_7_p": 0.8954900635590093,
    "distance_7_3_a": 1.5951946244372408,
    "distance_9_6_n": 1.8637343765735892,
    "distance_8_3_n": 1.35374572945517,
    "distance_4_5_n": 1.8302907483302988,
    "distance_2_4_p": 1.8464969789773846,
    "distance_1_1_p": 0.0,
    "distance_9_1_n": 1.252811959222754,
    "distance_0_a_p": 0.6187427382828901,
    "distance_6_5_n": 1.3821086373053646,
    "distance_4_2_a": 1.509305413843677,
    "distance_2_7_p": 1.2976896639475513,
    "distance_0_9_n": 1.8224817181092021,
    "distance_0_4_n": 1.7096401194845043,
    "distance_9_9_a": 0.0,
    "distance_8_1_a": 1.374964832611468,
    "distance_1_4_a": 0.9889679733314551,
    "distance_6_1_n": 1.2907672131007075,
    "distance_5_8_a": 1.2328970055642117,
    "distance_4_2_n": 2.020305638116554,
    "distance_2_3_n": 1.1393539118946592,
    "distance_9_4_p": 0.6064996553001301,
    "distance_8_3_p": 1.6141861637612607,
    "distance_7_4_n": 1.5982383416712764,
    "distance_0_7_a": 1.2329698074450022,
    "distance_4_8_n": 1.104462182185685,
    "distance_9_5_n": 1.0841680286973912,
    "distance_4_a_n": 1.2083420857468496,
    "distance_0_4_a": 0.9714340204929819,
    "distance_2_7_n": 1.5953981914880302,
    "distance_2_0_n": 0.9453535994629227,
    "distance_0_7_n": 1.6894497699443178,
    "distance_1_1_n": 0.0,
    "distance_9_2_n": 1.429881063305075,
    "distance_4_3_p": 1.123231943140354,
    "distance_7_5_a": 1.4761532416957976,
    "distance_3_3_n": 0.0,
    "distance_1_a_n": 0.5786899529123026,
    "distance_2_4_n": 2.020305638116554,
    "distance_2_7_a": 1.3608072900792791,
    "distance_1_6_a": 1.5316359790881648,
    "distance_4_7_p": 0.7916179464604198,
    "distance_9_4_a": 1.2342490884802828,
    "distance_5_7_p": 1.0568648767838482,
    "distance_7_8_a": 1.5218804812826079,
    "distance_3_5_a": 1.2315366677608495,
    "distance_5_2_a": 1.8720193666649863,
    "distance_2_0_p": 1.8330247541559999,
    "distance_7_1_n": 1.2010852540157089,
    "distance_4_4_n": 0.0,
    "distance_3_3_p": 0.0,
    "distance_7_1_p": 1.6306125715018993,
    "distance_4_4_p": 0.0,
    "distance_6_4_a": 1.2087999841080546,
    "distance_2_1_a": 1.1068693904636717,
    "distance_1_2_p": 1.3969068292865359,
    "distance_9_2_p": 2.2034760204997497,
    "distance_5_1_n": 1.2731379870474626,
    "distance_1_a_p": 0.30948320134229235,
    "distance_9_7_a": 0.9489268853803914,
    "distance_0_8_a": 0.880442597225656,
    "distance_0_6_a": 0.8676288782142052,
    "distance_2_6_n": 1.4355932242043679,
    "distance_7_0_a": 1.2329698074450022,
    "distance_2_6_a": 1.5405951216962421,
    "distance_1_7_n": 1.2010852540157089,
    "distance_2_8_a": 1.0124170006347413,
    "distance_9_4_n": 1.7545973231719927,
    "distance_0_5_n": 1.9091523175489442,
    "distance_7_3_n": 1.8322675597251106,
    "distance_6_3_a": 1.650715770077241,
    "distance_7_4_p": 0.7916179464604198,
    "distance_9_0_p": 0.5342648086343651,
    "distance_8_6_n": 1.1229077751440997,
    "distance_9_1_a": 1.8168341775892713,
    "distance_5_9_p": 1.0767531251174347,
    "distance_4_9_p": 0.6064996553001301,
    "distance_4_5_p": 0.38286945706653697,
    "distance_2_1_p": 1.3969068292865359,
    "distance_7_a_n": 0.9656160983254836,
    "distance_1_2_n": 0.6919116401037542,
    "distance_3_6_p": 1.7124023149131204,
    "distance_3_9_n": 1.4609855194208308,
    "distance_5_a_p": 0.4328131635319643,
    "distance_0_9_a": 1.1193139890878143,
    "distance_7_6_p": 0.8954900635590093,
    "distance_5_1_p": 1.223975382981962,
    "distance_1_3_p": 1.211815575222218,
    "distance_8_9_a": 1.078917469626063,
    "distance_5_7_a": 1.4761532416957976,
    "distance_7_1_a": 1.3646620329281092,
    "distance_5_0_p": 0.9968552318334822,