{
    "distance_2_a_n": 1.9976591903909458e-05,
    "distance_6_a_p": 4.776090089656849e-05,
    "distance_4_a_p": 3.998553883626087,
    "distance_3_a_p": 3.173997855214581e-05,
    "distance_2_a_p": 2.4782113161857808e-05,
    "distance_8_a_n": 3.9998397843191924,
    "distance_5_a_n": 3.9998564733028985,
    "distance_3_a_n": 3.999788763927782,
    "distance_7_a_n": 3.9997310683631895,
    "distance_0_a_n": 3.9998650562223617,
    "distance_9_a_n": 2.0149088826804107e-05,
    "distance_6_a_n": 3.999868394026862,
    "distance_9_a_p": 3.993353826635426e-05,
    "distance_7_a_p": 2.250619096421488,
    "distance_4_a_n": 0.00014429423451877647,
    "distance_5_a_p": 5.665006908520901e-05,
    "distance_1_a_p": 3.998944352190449,
    "distance_1_a_n": 3.9998378770089857,
    "distance_0_a_p": 3.691747243740281e-05,
    "distance_8_a_p": 3.4271462605354195e-05
}