{
    "distance_0_5_p": 0.7270842704315896,
    "distance_5_3_p": 0.37828813747183077,
    "distance_5_4_n": 0.8626689726663841,
    "distance_1_5_p": 1.7878929137143729,
    "distance_5_7_a": 1.3246899150045834,
    "distance_7_4_a": 1.071309572363134,
    "distance_7_0_p": 0.8302416414949789,
    "distance_4_0_a": 0.431893401447784,
    "distance_6_9_p": 0.44397927911865054,
    "distance_7_9_p": 0.668363643602877,
    "distance_2_5_n": 0.7925301471877901,
    "distance_2_9_p": 0.9521032407242593,
    "distance_9_6_p": 0.44397927911865054,
    "distance_2_4_n": 1.3472257890931019,
    "distance_1_0_n": 2.148829095058545,
    "distance_0_8_a": 0.5879305737494747,
    "distance_5_6_p": 0.6295112559403151,
    "distance_5_0_p": 0.7270842704315896,
    "distance_8_9_p": 0.35249022563563415,
    "distance_8_1_p": 2.598739975481351,
    "distance_6_2_a": 0.9007627844257513,
    "distance_3_5_p": 0.37828813747183077,
    "distance_7_6_n": 1.5706962262680122,
    "distance_6_2_n": 1.4960796281243915,
    "distance_4_0_n": 2.2434241013388743,
    "distance_0_6_n": 0.5368063030398531,
    "distance_2_1_a": 1.1935963005564645,
    "distance_9_1_p": 1.8046953785560618,
    "distance_9_0_p": 0.9522571374975684,
    "distance_1_5_a": 2.313501644516691,
    "distance_7_6_a": 0.8135506856554606,
    "distance_9_9_n": 0.0,
    "distance_0_7_n": 2.108881884015318,
    "distance_9_2_p": 0.9521032407242593,
    "distance_0_6_p": 0.8110520462672675,
    "distance_0_7_p": 0.8302416414949789,
    "distance_8_5_n": 1.0622139076335912,
    "distance_7_1_n": 1.0387972472666576,
    "distance_4_7_a": 1.071309572363134,
    "distance_5_3_n": 1.76938911108779,
    "distance_0_9_p": 0.9522571374975684,
    "distance_5_6_n": 1.4121067856774658,
    "distance_1_3_n": 1.8399619963465739,
    "distance_7_2_n": 0.15407565521309152,
    "distance_5_4_a": 0.44301177801515124,
    "distance_2_5_p": 0.6196856759925709,
    "distance_6_a_n": 1.5464624162414111,
    "distance_4_3_p": 1.206386445210228,
    "distance_8_6_p": 0.18401386242681284,
    "distance_7_4_p": 1.1266523238196555,
    "distance_0_2_p": 0.5277822075877339,
    "distance_9_a_n": 0.2621863239738218,
    "distance_3_4_n": 2.1961268229643025,
    "distance_1_1_p": 0.0,
    "distance_9_3_p": 0.35959587954324945,
    "distance_6_6_a": 0.0,
    "distance_5_8_a": 0.6110858516689319,
    "distance_2_8_p": 0.753022938972979,
    "distance_9_9_p": 0.0,
    "distance_3_8_n": 2.3620602779701585,
    "distance_6_3_p": 0.14191008552766338,
    "distance_6_2_p": 0.9114180482835401,
    "distance_0_4_p": 0.7936369933674001,
    "distance_2_a_n": 0.7958928835806525,
    "distance_6_1_a": 2.2490595370005053,
    "distance_2_9_a": 0.9938908231251986,
    "distance_6_7_p": 0.4730730080964918,
    "distance_3_a_p": 0.12740782396925798,
    "distance_5_8_p": 0.8370212967578006,
    "distance_6_4_a": 0.40877786961519647,
    "distance_6_1_p": 2.4495318975260147,
    "distance_5_7_p": 0.46192778023055325,
    "distance_1_7_a": 1.3058915143018481,
    "distance_8_1_n": 1.0423227550985672,
    "distance_4_6_p": 1.5970470811937645,
    "distance_5_a_p": 0.3805804983318559,
    "distance_7_1_a": 1.3058915143018481,
    "distance_8_9_n": 0.40702180669137533,
    "distance_6_8_p": 0.18401386242681284,
    "distance_0_2_n": 1.908715191742786,
    "distance_1_0_a": 2.1330240418502058,
    "distance_2_3_p": 0.6656050298175273,
    "distance_4_8_p": 1.5346270377416573,
    "distance_8_a_n": 0.28328097564020993,
    "distance_2_9_n": 0.1537180867440071,
    "distance_6_5_n": 1.4121067856774658,
    "distance_0_7_a": 1.0116849758016997,
    "distance_4_7_n": 1.3718055854884028,
    "distance_2_8_a": 0.7471049771136364,
    "distance_8_6_a": 0.17479592190767423,
    "distance_8_8_n": 0.0,
    "distance_6_0_n": 0.5368063030398531,
    "distance_9_5_n": 0.9759278398565954,
    "distance_5_1_a": 2.313501644516691,
    "distance_1_6_a": 2.2490595370005053,
    "distance_4_1_p": 1.5753885556183036,
    "distance_1_6_p": 2.4495318975260147,
    "distance_0_1_n": 2.148829095058545,
    "distance_5_9_a": 1.4549719392054072,
    "distance_5_0_n": 1.8935477099475975,
    "distance_8_4_a": 0.25642078661257983,
    "distance_7_2_p": 0.3038027489967341,
    "distance_0_9_n": 1.599658610068687,
    "distance_3_4_a": 0.33454919844331243,
    "distance_2_8_n": 0.20604188446669358,
    "distance_0_1_p": 2.5508126248452214,
    "distance_2_1_p": 1.9323597879946561,
    "distance_2_1_n": 0.9305859136960102,
    "distance_6_0_a": 0.6681861847687429,
    "distance_9_6_a": 0.5511310190108851,
    "distance_4_2_a": 1.2425443066372424,
    "distance_8_7_n": 0.11815668654031697,
    "distance_9_7_p": 0.668363643602877,
    "distance_2_3_a": 1.1786669121668183,
    "distance_3_3_a": 0.0,
    "distance_6_8_n": 1.5743557144838292,
    "distance_9_2_n": 0.1537180867440071,
    "distance_8_5_p": 0.8370212967578006,
    "distance_0_1_a": 2.1330240418502058,
    "distance_3_7_p": 0.41405600506847406,
    "distance_1_7_n": 1.0387972472666576,
    "distance_9_7_n": 0.24661896200864764,
    "distance_1_7_p": 1.848750279194121,
    "distance_2_4_p": 0.9674079116429404,
    "distance_8_2_n": 0.20604188446669358,
    "distance_7_8_p": 0.5258047311141958,
    "distance_6_7_a": 0.8135506856554606,
    "distance_6_a_p": 0.2570787663979992,
    "distance_3_9_n": 1.7199924165399807,
    "distance_0_8_n": 2.2728029742206814,
    "distance_0_4_a": 0.431893401447784,
    "distance_9_3_a": 0.8067975670210217,
    "distance_2_6_n": 1.4960796281243915,
    "distance_9_5_a": 1.4549719392054072,
    "distance_4_6_n": 1.7385998560280456,
    "distance_1_9_a": 1.9096474797932075,
    "distance_3_2_n": 2.0191844328397934,
    "distance_3_9_p": 0.35959587954324945,
    "distance_2_7_p": 0.3038027489967341,
    "distance_5_2_p": 0.6196856759925709,
    "distance_3_6_p": 0.14191008552766338,
    "distance_5_5_n": 0.0,
    "distance_0_3_p": 0.5096667838962645,
    "distance_0_5_a": 0.21645973972653465,
    "distance_9_8_a": 0.3856109347567305,
    "distance_6_6_n": 0.0,
    "distance_7_9_n": 0.24661896200864764,
    "distance_0_a_p": 0.1118558101013356,
    "distance_8_3_a": 0.2594580693021875,
    "distance_6_5_a": 0.5922725605996995,
    "distance_7_7_a": 0.0,
    "distance_2_a_p": 0.3651422104021549,
    "distance_5_2_n": 0.7925301471877901,
    "distance_8_a_p": 0.14425985100265937,
    "distance_3_8_p": 0.17544726008145517,
    "distance_7_7_n": 0.0,
    "distance_5_5_a": 0.0,
    "distance_3_3_n": 0.0,
    "distance_8_7_p": 0.5258047311141958,
    "distance_1_4_p": 1.5753885556183036,
    "distance_3_6_n": 0.35841105702196785,
    "distance_9_8_p": 0.35249022563563415,
    "distance_3_9_a": 0.8067975670210217,
    "distance_3_7_n": 2.2224385025772477,
    "distance_4_5_a": 0.44301177801515124,
    "distance_4_8_n": 1.5734694526515938,
    "distance_4_0_p": 0.7936369933674001,
    "distance_6_4_p": 1.5970470811937645,
    "distance_9_1_n": 0.9652593169910375,
    "distance_4_4_n": 0.0,
    "distance_8_1_a": 2.1755413742948946,
    "distance_4_2_p": 0.9674079116429404,
    "distance_8_2_p": 0.753022938972979,
    "distance_2_4_a": 1.2425443066372424,
    "distance_1_2_p": 1.9323597879946561,
    "distance_6_6_p": 0.0,
    "distance_9_4_n": 1.1066837802818696,
    "distance_9_7_a": 0.8888328134053722,
    "distance_5_7_n": 0.9293618232976577,
    "distance_7_0_a": 1.0116849758016997,
    "distance_9_2_a": 0.9938908231251986,
    "distance_6_5_p": 0.6295112559403151,
    "distance_1_6_n": 1.2524848105550177,
    "distance_0_6_a": 0.6681861847687429,
    "distance_7_6_p": 0.4730730080964918,
    "distance_5_4_p": 1.3016871198306177,
    "distance_8_9_a": 0.3856109347567305,
    "distance_5_6_a": 0.5922725605996995,
    "distance_4_a_p": 1.1199101144447923,
    "distance_6_3_a": 0.13299399643342813,
    "distance_4_4_p": 0.0,
    "distance_2_6_a": 0.9007627844257513,
    "distance_5_8_n": 1.0622139076335912,
    "distance_1_0_p": 2.5508126248452214,
    "distance_7_5_p": 0.46192778023055325,