{
    "distance_8_7_n": 1.0314028544060108,
    "distance_7_3_p": 1.2605119832529113,
    "distance_7_0_n": 0.0,
    "distance_0_5_a": 1.0550812751620384,
    "distance_7_7_n": 0.0,
    "distance_0_3_p": 1.569904197120664,
    "distance_6_1_a": 0.8436629558298279,
    "distance_6_9_p": 0.8150943759638416,
    "distance_0_5_p": 1.0550812751620384,
    "distance_5_a_p": 0.0,
    "distance_8_5_p": 1.2664383764140439,
    "distance_7_9_a": 0.7701756124869377,
    "distance_6_1_p": 0.8436629558298279,
    "distance_6_7_p": 0.9911646174537658,
    "distance_2_1_a": 1.0900908886276426,
    "distance_7_1_n": 0.0,
    "distance_9_1_p": 0.788438060176194,
    "distance_5_0_a": 1.0550812751620384,
    "distance_5_3_n": 0.0,
    "distance_1_6_a": 0.8436629558298279,
    "distance_9_1_a": 0.788438060176194,
    "distance_9_0_a": 0.6622894176474716,
    "distance_3_0_a": 1.569904197120664,
    "distance_3_a_p": 0.0,
    "distance_7_1_p": 1.045654309531315,
    "distance_4_6_n": 0.8613095157730335,
    "distance_2_3_a": 0.7695128976482835,
    "distance_8_7_a": 1.3231108917768921,
    "distance_9_7_p": 0.7701756124869377,
    "distance_2_0_p": 1.0469178201276463,
    "distance_3_7_n": 0.0,
    "distance_1_7_p": 1.045654309531315,
    "distance_0_9_n": 0.0,
    "distance_8_9_a": 0.8270099611572768,
    "distance_9_6_n": 0.0,
    "distance_1_1_p": 0.0,
    "distance_9_a_n": 1.0639145005497,
    "distance_4_6_p": 1.6076111943817892,
    "distance_5_5_n": 0.0,
    "distance_5_2_n": 0.6765218242945572,
    "distance_9_3_a": 0.9766441046758167,
    "distance_4_0_p": 1.8209728127605018,
    "distance_0_9_p": 0.6622894176474716,
    "distance_7_8_p": 1.0461107534149647,
    "distance_2_6_n": 0.6765218242945572,
    "distance_1_9_a": 0.788438060176194,
    "distance_2_2_a": 0.0,
    "distance_2_6_p": 0.5491902697504116,
    "distance_8_2_a": 0.8885865882406598,
    "distance_9_7_a": 0.7701756124869377,
    "distance_2_3_p": 0.5111589930145932,
    "distance_2_4_n": 1.0447909473027863,
    "distance_5_a_n": 0.8680187813357385,
    "distance_0_7_p": 0.9263731595848554,
    "distance_8_3_n": 1.0314028544060108,
    "distance_3_7_p": 1.2605119832529113,
    "distance_5_8_a": 1.1643773401920612,
    "distance_0_6_n": 0.0,
    "distance_7_5_a": 1.0742701761142968,
    "distance_9_5_p": 1.1364426357034887,
    "distance_2_1_p": 1.0711548512976066,
    "distance_1_8_a": 1.561563751322467,
    "distance_8_3_a": 1.1165662481630676,
    "distance_1_2_a": 1.0900908886276426,
    "distance_8_a_n": 1.1747197675404664,
    "distance_3_7_a": 1.2605119832529113,
    "distance_6_0_a": 0.8664328411717328,
    "distance_3_2_n": 0.6765218242945572,
    "distance_0_6_p": 0.8664328411717328,
    "distance_4_4_a": 0.0,
    "distance_1_2_p": 1.0711548512976066,
    "distance_1_7_a": 1.045654309531315,
    "distance_8_2_n": 0.5626014814844247,
    "distance_1_0_p": 0.7933445478468002,
    "distance_9_4_n": 0.8613095157730335,
    "distance_0_0_n": 0.0,
    "distance_6_7_a": 0.9911646174537658,
    "distance_7_6_a": 0.9911646174537658,
    "distance_2_4_a": 1.4365300698619308,
    "distance_3_1_a": 1.2172755705614833,
    "distance_9_2_n": 0.6765218242945572,
    "distance_0_2_p": 1.0469178201276463,
    "distance_5_7_p": 1.0742701761142968,
    "distance_9_6_p": 0.8150943759638416,
    "distance_9_9_a": 0.0,
    "distance_8_6_n": 1.0314028544060108,
    "distance_6_6_p": 0.0,
    "distance_1_5_a": 1.110011822107083,
    "distance_1_9_n": 0.0,
    "distance_1_9_p": 0.788438060176194,
    "distance_5_2_p": 0.9913712526986842,
    "distance_3_8_n": 1.0314028544060108,
    "distance_4_8_n": 0.8141686315831045,
    "distance_0_3_n": 0.0,
    "distance_6_2_p": 0.5491902697504116,
    "distance_2_7_n": 0.6765218242945572,
    "distance_3_9_n": 0.0,
    "distance_5_3_a": 0.9993437413559292,
    "distance_8_8_n": 0.0,
    "distance_5_9_a": 1.1364426357034887,
    "distance_1_4_p": 1.736220267637819,
    "distance_1_8_p": 1.1620448250410078,
    "distance_0_0_p": 0.0,
    "distance_5_6_n": 0.0,
    "distance_5_3_p": 0.9993437413559292,
    "distance_5_4_p": 1.6082357959943607,
    "distance_6_0_n": 0.0,
    "distance_6_5_a": 0.8178863007077695,
    "distance_7_2_n": 0.6765218242945572,
    "distance_4_1_a": 1.757210061528042,
    "distance_7_0_a": 0.9263731595848554,
    "distance_3_4_p": 1.6567370819053053,
    "distance_6_6_n": 0.0,
    "distance_8_1_n": 1.0314028544060108,
    "distance_9_9_n": 0.0,
    "distance_6_4_p": 1.6076111943817892,
    "distance_6_3_a": 0.7925924438288554,
    "distance_5_6_p": 0.8178863007077695,
    "distance_9_6_a": 0.8150943759638416,
    "distance_9_4_a": 1.8051111376444737,
    "distance_4_9_n": 0.8613095157730335,
    "distance_2_8_a": 0.8885865882406598,
    "distance_0_8_a": 1.2203269927318274,
    "distance_2_9_a": 0.5327132933149556,
    "distance_1_0_a": 0.7933445478468002,
    "distance_7_a_p": 0.0,
    "distance_4_5_p": 1.6082357959943607,
    "distance_7_5_p": 1.0742701761142968,
    "distance_6_2_a": 0.7707367791529443,
    "distance_5_5_a": 0.0,
    "distance_6_6_a": 0.0,
    "distance_1_3_n": 0.0,
    "distance_1_a_n": 1.1990576964223152,
    "distance_1_0_n": 0.0,
    "distance_8_8_p": 0.0,
    "distance_9_4_p": 1.6838728845871174,
    "distance_3_5_p": 0.9993437413559292,
    "distance_9_8_n": 1.0314028544060108,
    "distance_7_6_n": 0.0,
    "distance_9_a_p": 0.0,
    "distance_6_a_p": 0.0,
    "distance_0_a_p": 0.0,
    "distance_4_3_a": 1.4587397359082956,
    "distance_5_0_n": 0.0,
    "distance_7_9_n": 0.0,
    "distance_1_4_a": 1.757210061528042,
    "distance_9_2_p": 0.432154478676555,
    "distance_4_5_a": 1.0768726222118516,
    "distance_9_5_n": 0.0,
    "distance_4_2_p": 1.289721317527949,
    "distance_6_8_n": 1.0314028544060108,
    "distance_2_7_a": 0.9028261634299817,
    "distance_7_3_n": 0.0,
    "distance_6_4_n": 0.8613095157730335,
    "distance_0_1_n": 0.0,
    "distance_7_4_p": 1.444640134113584,
    "distance_5_9_p": 1.1364426357034887,
    "distance_4_0_a": 1.7325290379490212,
    "distance_2_8_p": 0.736763356116299,
    "distance_8_0_p": 1.19908798095436,
    "distance_3_a_n": 0.9142024109065119,
    "distance_2_0_a": 0.9958121606189287,
    "distance_2_6_a": 0.7707367791529443,
    "distance_8_6_p": 0.9835193578512644,
    "distance_4_6_a": 1.5990830103078792,
    "distance_3_6_p": 0.7925924438288554,
    "distance_9_3_p": 0.9766441046758167,
    "distance_5_1_n": 0.0,
    "distance_7_9_p": 0.7701756124869377,
    "distance_6_8_a": 1.280102621223719,
    "distance_3_1_p": 1.2172755705614833,
    "distance_6_0_p": 0.8664328411717328,
    "distance_2_5_a": 0.7985048515627149,
    "distance_1_6_n": 0.0,
    "distance_4_9_p": 1.6838728845871174,
    "distance_4_1_p": 1.736220267637819,
    "distance_7_7_a": 0.0,
    "distance_1_a_p": 0.0,
    "distance_9_2_a": 0.5327132933149556,
    "distance_1_5_n": 0.0,
    "distance_0_3_a": 1.569904197120664,
    "distance_2_2_n": 0.0,
    "distance_8_9_p": 0.6202160888443053,
    "distance_5_7_n": 0.0,
    "distance_4_2_n": 1.0447909473027863,
    "distance_7_0_p": 0.9263731595848554,
    "distance_7_8_n": 1.0314028544060108,
    "distance_0_4_a": 1.7325290379490212,
    "distance_1_5_p": 1.110011822107083,
    "distance_4_2_a": 1.4365300698619308,
    "distance_1_3_a": 1.2172755705614833,
    "distance_2_5_p": 0.9913712526986842,
    "distance_8_8_a": 0.0,
    "distance_8_1_p": 1.1620448250410078,
    "distance_8_9_n": 1.0314028544060108,
    "distance_0_1_a": 0.7933445478468002,
    "distance_1_1_a": 0.0,
    "distance_3_2_p": 0.5111589930145932,
    "distance_5_2_a": 0.7985048515627149,
    "distance_4_7_a": 1.5185607520113678,
    "distance_2_8_n": 0.5626014814844247,
    "distance_7_5_n": 0.0,
    "distance_6_9_n": 0.0,
    "distance_3_3_p": 0.0,
    "distance_9_9_p": 0.0,
    "distance_5_1_p": 1.110011822107083,
    "distance_4_3_p": 1.6567370819053053,
    "distance_3_5_n": 0.0,
    "distance_8_4_a": 0.7825272546243447,
    "distance_6_9_a": 0.8150943759638416,
    "distance_4_4_n": 0.0,